,step,avg_risk_aversion,std_risk_aversion,total_wealth,wealth_gini,max_wealth,min_wealth,ra_wealth_correlation,scenario,replication,ra_bounds
0,0,0.15124460447404148,0.09055055855229417,-8.236384019255638e-09,0.6788002191669258,173072.88167343024,-239359.63183282912,0.06895723928703261,Risk Seeking,0,"[0.0, 0.3]"
1,1,0.15124460447404148,0.09055055855229417,-1.0055373422801495e-08,0.6690146480153225,154351.85887237824,-158259.75244551565,-0.03376307590961805,Risk Seeking,0,"[0.0, 0.3]"
2,2,0.15124460447404148,0.09055055855229417,-1.3067619875073433e-08,0.6797214947046615,165125.42094105604,-140464.68966972773,-0.18561771710440245,Risk Seeking,0,"[0.0, 0.3]"
3,3,0.15124460447404148,0.09055055855229417,-1.0186340659856796e-08,0.6870221150550888,151412.6757901399,-158730.09479391016,-0.19725938804888304,Risk Seeking,0,"[0.0, 0.3]"
4,4,0.15124460447404148,0.09055055855229417,-7.974449545145035e-09,0.6942338111698236,158150.26519726365,-180036.62975490314,-0.21039426822270768,Risk Seeking,0,"[0.0, 0.3]"
5,5,0.15124460447404148,0.09055055855229417,-6.79574441164732e-09,0.6999461987788587,111337.31559349723,-160926.0369144281,-0.17097395264895088,Risk Seeking,0,"[0.0, 0.3]"
6,6,0.15124460447404148,0.09055055855229417,1.4115357771515846e-09,0.702518370254156,104143.96219139706,-113938.63919938757,-0.2287075307306121,Risk Seeking,0,"[0.0, 0.3]"
7,7,0.15124460447404148,0.09055055855229417,-4.43833414465189e-10,0.6769087128642837,88710.41121477276,-75011.65210486986,-0.2456121282667747,Risk Seeking,0,"[0.0, 0.3]"
8,8,0.15124460447404148,0.09055055855229417,-8.003553375601768e-10,0.7363872272022494,96884.8168676069,-101237.01356707406,-0.11929503533918867,Risk Seeking,0,"[0.0, 0.3]"
9,9,0.15124460447404148,0.09055055855229417,1.9063008949160576e-09,0.7470363424494284,95157.14840122775,-85707.75801592719,-0.1050505135627541,Risk Seeking,0,"[0.0, 0.3]"
10,10,0.15124460447404148,0.09055055855229417,2.8085196390748024e-09,0.7498267729708681,94808.95067283844,-86502.42670646688,-0.13020793928223431,Risk Seeking,0,"[0.0, 0.3]"
11,11,0.15124460447404148,0.09055055855229417,-2.648448571562767e-09,0.6997773103024352,73865.99605017829,-94963.97581347161,-0.07848191994665711,Risk Seeking,0,"[0.0, 0.3]"
12,12,0.15124460447404148,0.09055055855229417,-6.781192496418953e-09,0.7090262632599083,71176.5121561999,-71386.98417249517,-0.0456421884741823,Risk Seeking,0,"[0.0, 0.3]"
13,13,0.15124460447404148,0.09055055855229417,1.7462298274040222e-09,0.6755086702526283,72102.15573426684,-91346.31143855827,-0.07398304321466603,Risk Seeking,0,"[0.0, 0.3]"
14,14,0.15124460447404148,0.09055055855229417,4.5693013817071915e-09,0.7210960548906356,92080.43101629347,-108098.75545792899,0.015943580443665558,Risk Seeking,0,"[0.0, 0.3]"
15,15,0.15124460447404148,0.09055055855229417,7.1158865466713905e-09,0.7119334379375295,60933.78933042834,-80846.55212670038,-0.1426612156120735,Risk Seeking,0,"[0.0, 0.3]"
16,16,0.15124460447404148,0.09055055855229417,1.6065314412117004e-08,0.7322478090227464,68526.25030123275,-72933.93123903382,-0.13474498894072034,Risk Seeking,0,"[0.0, 0.3]"
17,17,0.15124460447404148,0.09055055855229417,6.170012056827545e-09,0.6861531261193583,44011.82050532506,-53418.36231614815,-0.0990504677819564,Risk Seeking,0,"[0.0, 0.3]"
18,18,0.15124460447404148,0.09055055855229417,9.138602763414383e-09,0.6905224864258774,59507.12247098007,-42106.208400399904,-0.024367022963045482,Risk Seeking,0,"[0.0, 0.3]"
19,19,0.15124460447404148,0.09055055855229417,2.5902409106492996e-09,0.71665633314887,48989.442024580894,-51542.61991968172,0.14286566083518662,Risk Seeking,0,"[0.0, 0.3]"
20,20,0.15124460447404148,0.09055055855229417,-3.8708094507455826e-09,0.707182027141777,60572.33259448588,-45704.351543751225,0.15086561900927023,Risk Seeking,0,"[0.0, 0.3]"
21,21,0.15124460447404148,0.09055055855229417,5.8862497098743916e-09,0.6746326123821493,57752.003334746085,-54230.288044562265,0.2652146390075652,Risk Seeking,0,"[0.0, 0.3]"
22,22,0.15124460447404148,0.09055055855229417,1.7462298274040222e-10,0.7211588139989875,62108.32835423489,-38309.53175018588,0.1286906404374196,Risk Seeking,0,"[0.0, 0.3]"
23,23,0.15124460447404148,0.09055055855229417,1.367880031466484e-09,0.7449128531090792,63840.84880884365,-51140.80183196608,0.28971197550573075,Risk Seeking,0,"[0.0, 0.3]"
24,24,0.15124460447404148,0.09055055855229417,1.051375875249505e-08,0.7250796709174154,59675.99199622145,-51378.350530153955,0.08734850206443735,Risk Seeking,0,"[0.0, 0.3]"
25,0,0.1456396166227703,0.08237712730711806,-7.799826562404633e-09,0.7102058987986968,263673.02503262984,-236789.824797545,-0.22052201494759777,Risk Seeking,1,"[0.0, 0.3]"
26,1,0.1456396166227703,0.08237712730711806,-9.255018085241318e-09,0.6612745487827572,209743.69546304116,-222260.77855845945,-0.18523359661242816,Risk Seeking,1,"[0.0, 0.3]"
27,2,0.1456396166227703,0.08237712730711806,-8.09086486697197e-09,0.6427485814016451,156513.884274046,-221887.1480889066,-0.2106878314363069,Risk Seeking,1,"[0.0, 0.3]"
28,3,0.1456396166227703,0.08237712730711806,4.423782229423523e-09,0.5995029244295529,122405.16317824788,-160398.19933500368,-0.17537473205684107,Risk Seeking,1,"[0.0, 0.3]"
29,4,0.1456396166227703,0.08237712730711806,6.897607818245888e-09,0.6330996157583673,128828.66742805071,-173991.1882542809,-0.267841931463323,Risk Seeking,1,"[0.0, 0.3]"
30,5,0.1456396166227703,0.08237712730711806,-4.423782229423523e-09,0.6625058947820648,118938.62029202066,-154106.4739125761,-0.07063750865494758,Risk Seeking,1,"[0.0, 0.3]"
31,6,0.1456396166227703,0.08237712730711806,-1.201988197863102e-08,0.6899480975486318,117101.5105228094,-125199.93872517516,-0.09648080920356827,Risk Seeking,1,"[0.0, 0.3]"
32,7,0.1456396166227703,0.08237712730711806,-1.7171259969472885e-09,0.6996539312790044,83955.0452536643,-92986.9683428538,-0.11418972549316113,Risk Seeking,1,"[0.0, 0.3]"
33,8,0.1456396166227703,0.08237712730711806,-2.0954757928848267e-09,0.7363544749186177,102653.90926947814,-123734.31382619894,-0.15315460460718597,Risk Seeking,1,"[0.0, 0.3]"
34,9,0.1456396166227703,0.08237712730711806,6.548361852765083e-10,0.7285846774847509,99743.27969046276,-96612.62952527274,-0.029667123598797064,Risk Seeking,1,"[0.0, 0.3]"
35,10,0.1456396166227703,0.08237712730711806,1.0608346201479435e-08,0.6872298403673667,80872.6114791427,-115877.40591064883,-0.08747579215645024,Risk Seeking,1,"[0.0, 0.3]"
36,11,0.1456396166227703,0.08237712730711806,4.3655745685100555e-09,0.709563805509698,90939.93121546847,-105150.90743153729,-0.05315360364510741,Risk Seeking,1,"[0.0, 0.3]"
37,12,0.1456396166227703,0.08237712730711806,2.0299921743571758e-08,0.718279974402829,81764.9215014416,-97834.79093507808,-0.10657291882743858,Risk Seeking,1,"[0.0, 0.3]"
38,13,0.1456396166227703,0.08237712730711806,1.097942003980279e-08,0.6719170723557051,67644.26550920766,-91099.40972240463,-0.10460398375857548,Risk Seeking,1,"[0.0, 0.3]"
39,14,0.1456396166227703,0.08237712730711806,1.0302755981683731e-08,0.6674617834635497,83200.35603912748,-110280.90555078592,-0.09686196417077515,Risk Seeking,1,"[0.0, 0.3]"
40,15,0.1456396166227703,0.08237712730711806,8.352799341082573e-09,0.7182711678358971,93877.1160800748,-78796.36361914156,0.002358639834494613,Risk Seeking,1,"[0.0, 0.3]"
41,16,0.1456396166227703,0.08237712730711806,-3.637978807091713e-09,0.6904508015568798,95720.49389907671,-130281.20938198055,-0.028941204011085353,Risk Seeking,1,"[0.0, 0.3]"
42,17,0.1456396166227703,0.08237712730711806,3.9217411540448666e-09,0.6952159769182895,58647.67777783488,-77576.53576298262,0.05470047529564026,Risk Seeking,1,"[0.0, 0.3]"
43,18,0.1456396166227703,0.08237712730711806,-5.820766091346741e-10,0.7107603824784914,79850.34196469326,-75514.22594067015,0.05056085740401152,Risk Seeking,1,"[0.0, 0.3]"
44,19,0.1456396166227703,0.08237712730711806,-7.62520357966423e-09,0.6902205713468481,69505.46493866245,-99007.89087618848,-0.027062602653961182,Risk Seeking,1,"[0.0, 0.3]"
45,20,0.1456396166227703,0.08237712730711806,-5.900801625102758e-09,0.7109217967354171,68737.55522768217,-105664.21743803009,0.054297799501544355,Risk Seeking,1,"[0.0, 0.3]"
46,21,0.1456396166227703,0.08237712730711806,-9.367795428261161e-09,0.668092488397722,67215.62584769593,-71581.49669167324,0.03859313114393613,Risk Seeking,1,"[0.0, 0.3]"
47,22,0.1456396166227703,0.08237712730711806,-5.602487362921238e-10,0.6762916900605955,102259.53554794668,-68063.11495333031,-0.03468368529487514,Risk Seeking,1,"[0.0, 0.3]"
48,23,0.1456396166227703,0.08237712730711806,1.2740201782435179e-08,0.7044580037256218,73105.63240331203,-91588.49021127755,-0.06986009298319387,Risk Seeking,1,"[0.0, 0.3]"
49,24,0.1456396166227703,0.08237712730711806,2.3283064365386963e-09,0.6993262328113934,87903.37496267505,-93912.73158622348,0.005477468926222624,Risk Seeking,1,"[0.0, 0.3]"
50,0,0.15488360476193233,0.08228120350431578,-1.0390067473053932e-08,0.7163695878132719,288429.62766351737,-255697.0748185443,-0.29847009290843035,Risk Seeking,2,"[0.0, 0.3]"
51,1,0.15488360476193233,0.08228120350431578,2.1100277081131935e-09,0.619498949644681,197483.24178066166,-302640.1905897288,-0.23616120888015157,Risk Seeking,2,"[0.0, 0.3]"
52,2,0.15488360476193233,0.08228120350431578,9.080395102500916e-09,0.6358079599073279,219449.5897820272,-294573.51008974423,-0.22975231545206581,Risk Seeking,2,"[0.0, 0.3]"
53,3,0.15488360476193233,0.08228120350431578,7.763446774333715e-09,0.6431116833968775,189972.26287196984,-224837.92895806624,-0.20085481740221073,Risk Seeking,2,"[0.0, 0.3]"
54,4,0.15488360476193233,0.08228120350431578,5.165929906070232e-09,0.6121196639623878,98869.80355093809,-225135.72664140715,-0.1923104138444126,Risk Seeking,2,"[0.0, 0.3]"
55,5,0.15488360476193233,0.08228120350431578,-2.1827872842550278e-09,0.6419852199627842,127371.87233465027,-177809.3808909113,-0.23725295521867787,Risk Seeking,2,"[0.0, 0.3]"
56,6,0.15488360476193233,0.08228120350431578,-2.9685907065868378e-09,0.6866247030928052,119679.39808974594,-185308.55812653608,-0.25305671126603474,Risk Seeking,2,"[0.0, 0.3]"
57,7,0.15488360476193233,0.08228120350431578,1.7462298274040222e-09,0.6870433889503365,140823.88994413498,-145775.1940917184,-0.3153156513349327,Risk Seeking,2,"[0.0, 0.3]"
58,8,0.15488360476193233,0.08228120350431578,-8.556526154279709e-09,0.7138851158842212,135726.89041911578,-96340.3630294528,-0.30801558139088336,Risk Seeking,2,"[0.0, 0.3]"
59,9,0.15488360476193233,0.08228120350431578,-1.3023964129388332e-08,0.688652763218013,77970.04302535017,-93994.88418745673,-0.3270642532308299,Risk Seeking,2,"[0.0, 0.3]"
60,10,0.15488360476193233,0.08228120350431578,-1.3445969671010971e-08,0.6844684248833632,99599.93947360835,-141744.8211386723,-0.31590864787312933,Risk Seeking,2,"[0.0, 0.3]"
61,11,0.15488360476193233,0.08228120350431578,-1.4260876923799515e-08,0.6934108606865539,110835.51053196742,-78489.17477081499,-0.3069954239326882,Risk Seeking,2,"[0.0, 0.3]"
62,12,0.15488360476193233,0.08228120350431578,-2.35741026699543e-08,0.7073208810822047,101916.45350644967,-83841.52381724687,-0.28163373944215264,Risk Seeking,2,"[0.0, 0.3]"
63,13,0.15488360476193233,0.08228120350431578,-1.1539668776094913e-08,0.6955962620309748,60835.20595078429,-77622.64908075894,-0.22139297443561798,Risk Seeking,2,"[0.0, 0.3]"
64,14,0.15488360476193233,0.08228120350431578,-1.9121216610074043e-08,0.6946938192883172,75847.9544831108,-81055.14047597014,-0.3015826288373845,Risk Seeking,2,"[0.0, 0.3]"
65,15,0.15488360476193233,0.08228120350431578,-1.720036379992962e-08,0.7045713190615368,62678.46623765822,-73967.77233160449,-0.4201009034048358,Risk Seeking,2,"[0.0, 0.3]"
66,16,0.15488360476193233,0.08228120350431578,-1.8015271052718163e-08,0.6805115534598978,67758.8887675248,-105208.76640818451,-0.20617773219256225,Risk Seeking,2,"[0.0, 0.3]"
67,17,0.15488360476193233,0.08228120350431578,-1.1379597708582878e-08,0.6865895231060879,68665.6472270443,-78886.772753256,-0.20769271241791692,Risk Seeking,2,"[0.0, 0.3]"
68,18,0.15488360476193233,0.08228120350431578,-1.6065314412117004e-08,0.6770939033959344,57940.34968633187,-103149.38281218776,-0.2912704204247856,Risk Seeking,2,"[0.0, 0.3]"
69,19,0.15488360476193233,0.08228120350431578,-6.577465683221817e-09,0.6531386046846512,66751.7773965775,-81487.65749663585,-0.28461327841138445,Risk Seeking,2,"[0.0, 0.3]"
70,20,0.15488360476193233,0.08228120350431578,-7.2177499532699585e-09,0.629324942693587,45334.438174155584,-62472.32929516517,-0.14813180020586084,Risk Seeking,2,"[0.0, 0.3]"
71,21,0.15488360476193233,0.08228120350431578,-7.508788257837296e-09,0.6801861712069588,62289.089950851594,-80160.6193001491,-0.16642298340968487,Risk Seeking,2,"[0.0, 0.3]"
72,22,0.15488360476193233,0.08228120350431578,9.89530235528946e-10,0.6818089551155331,53158.7136065706,-78718.32120843128,-0.24408985639196984,Risk Seeking,2,"[0.0, 0.3]"
73,23,0.15488360476193233,0.08228120350431578,1.0652001947164536e-08,0.629638752150784,39435.428791692524,-55001.551256590494,-0.12185151431932438,Risk Seeking,2,"[0.0, 0.3]"
74,24,0.15488360476193233,0.08228120350431578,1.3948010746389627e-08,0.6563565772977122,45295.20403691003,-74895.28187511819,-0.20623724196046692,Risk Seeking,2,"[0.0, 0.3]"
75,0,0.2617395441811198,0.14700931464053255,2.9103830456733704e-10,0.7148640915817173,235832.45613536466,-187245.6035342182,-0.38064739127312996,Mixed Low,0,"[0.0, 0.5]"
76,1,0.2617395441811198,0.14700931464053255,8.527422323822975e-09,0.7091566634713324,209954.83754967595,-153223.36496617098,-0.3581099412123475,Mixed Low,0,"[0.0, 0.5]"
77,2,0.2617395441811198,0.14700931464053255,1.6807462088763714e-08,0.657823021586593,178279.92900672415,-220300.61163879634,-0.3937251238053381,Mixed Low,0,"[0.0, 0.5]"
78,3,0.2617395441811198,0.14700931464053255,6.213667802512646e-09,0.6870247257374782,174411.06010469495,-242936.34455966266,-0.4038301743567882,Mixed Low,0,"[0.0, 0.5]"
79,4,0.2617395441811198,0.14700931464053255,-2.735760062932968e-09,0.6633582218036376,149396.28424644144,-287545.1782945293,-0.37930340763427944,Mixed Low,0,"[0.0, 0.5]"
80,5,0.2617395441811198,0.14700931464053255,6.766640581190586e-09,0.6488674180029086,134306.50525701104,-252531.59811638665,-0.3241207685243461,Mixed Low,0,"[0.0, 0.5]"
81,6,0.2617395441811198,0.14700931464053255,9.487848728895187e-09,0.6731530465964215,142447.95469969523,-239271.21360862037,-0.32065401499372725,Mixed Low,0,"[0.0, 0.5]"
82,7,0.2617395441811198,0.14700931464053255,1.2441887520253658e-08,0.6870835621707627,122461.22524118001,-200923.81157520763,-0.33944359116741907,Mixed Low,0,"[0.0, 0.5]"
83,8,0.2617395441811198,0.14700931464053255,3.3178366720676422e-09,0.6860254852641536,131125.97023853456,-175022.64906159783,-0.3480612405051664,Mixed Low,0,"[0.0, 0.5]"
84,9,0.2617395441811198,0.14700931464053255,1.0579242371022701e-08,0.6212441710329253,98081.81330300124,-207608.07001859654,-0.35826178309096973,Mixed Low,0,"[0.0, 0.5]"
85,10,0.2617395441811198,0.14700931464053255,1.3576936908066273e-08,0.661353726510981,95742.31427886117,-168800.42101897398,-0.26505906692455933,Mixed Low,0,"[0.0, 0.5]"
86,11,0.2617395441811198,0.14700931464053255,2.735760062932968e-09,0.7017826933316389,95369.09574018898,-145738.78754343124,-0.32746318928201523,Mixed Low,0,"[0.0, 0.5]"
87,12,0.2617395441811198,0.14700931464053255,1.1976226232945919e-08,0.6976189699119051,92234.38902443554,-97443.84123900504,-0.278884889771179,Mixed Low,0,"[0.0, 0.5]"
88,13,0.2617395441811198,0.14700931464053255,1.949956640601158e-09,0.6648923986643207,97400.00077059292,-84160.99404433914,-0.25808024399842805,Mixed Low,0,"[0.0, 0.5]"
89,14,0.2617395441811198,0.14700931464053255,9.211362339556217e-09,0.6993938778689839,76146.96691259685,-132210.75675747037,-0.2148120521809757,Mixed Low,0,"[0.0, 0.5]"
90,15,0.2617395441811198,0.14700931464053255,-5.093170329928398e-10,0.6688593058860743,69052.5811503868,-87185.97571116021,-0.1464563586741846,Mixed Low,0,"[0.0, 0.5]"
91,16,0.2617395441811198,0.14700931464053255,-9.444192983210087e-09,0.6841921596181548,62796.06476367622,-73888.55242543633,-0.0788556364753608,Mixed Low,0,"[0.0, 0.5]"
92,17,0.2617395441811198,0.14700931464053255,-1.1059455573558807e-08,0.6919090070852494,55623.206567362045,-67133.22456981141,-0.15067666035219152,Mixed Low,0,"[0.0, 0.5]"
93,18,0.2617395441811198,0.14700931464053255,-5.289621185511351e-09,0.6442354898933009,52261.33125275803,-89249.1948189985,-0.10193286119223069,Mixed Low,0,"[0.0, 0.5]"
94,19,0.2617395441811198,0.14700931464053255,-6.257323548197746e-09,0.722791171659223,51514.98334800115,-59073.21746990308,-0.19183150013328037,Mixed Low,0,"[0.0, 0.5]"
95,20,0.2617395441811198,0.14700931464053255,-2.2773747332394123e-09,0.7275521403760263,55263.18730849759,-79021.48460414525,-0.15826094399258323,Mixed Low,0,"[0.0, 0.5]"
96,21,0.2617395441811198,0.14700931464053255,5.0640664994716644e-09,0.7107049753978516,42424.866482385056,-57679.946606863734,-0.10001445044438192,Mixed Low,0,"[0.0, 0.5]"
97,22,0.2617395441811198,0.14700931464053255,-1.1641532182693481e-09,0.7077447461414388,51139.028268801965,-61641.16166147829,-0.07186874759917508,Mixed Low,0,"[0.0, 0.5]"
98,23,0.2617395441811198,0.14700931464053255,-1.1350493878126144e-09,0.6824862295567202,52464.20872840901,-59546.697421127705,-0.011613177186569651,Mixed Low,0,"[0.0, 0.5]"
99,24,0.2617395441811198,0.14700931464053255,-6.912159733474255e-09,0.7021665791812939,42974.04219745713,-48417.2334564892,0.024481687914512492,Mixed Low,0,"[0.0, 0.5]"
100,0,0.2551819090285421,0.1325260634996019,-1.6123522073030472e-08,0.7403632024989513,234328.6895453827,-211099.82580277752,-0.27442808123799634,Mixed Low,1,"[0.0, 0.5]"
101,1,0.2551819090285421,0.1325260634996019,-1.807347871363163e-08,0.6858325101535587,206280.64508325732,-247237.3433283591,-0.36219792025475467,Mixed Low,1,"[0.0, 0.5]"
102,2,0.2551819090285421,0.1325260634996019,-5.6461431086063385e-09,0.6728156930114761,231939.29170877047,-259489.63554408375,-0.41395362347964143,Mixed Low,1,"[0.0, 0.5]"
103,3,0.2551819090285421,0.1325260634996019,-6.577465683221817e-09,0.6118578880914369,142130.42538819916,-213673.3486453285,-0.3762134392840885,Mixed Low,1,"[0.0, 0.5]"
104,4,0.2551819090285421,0.1325260634996019,-1.594889909029007e-08,0.6250945521796702,100681.89175752198,-222445.21372566544,-0.3781544743656704,Mixed Low,1,"[0.0, 0.5]"
105,5,0.2551819090285421,0.1325260634996019,-2.2992026060819626e-08,0.6467102125937916,133211.88638199776,-237728.18066400947,-0.3948873386806921,Mixed Low,1,"[0.0, 0.5]"
106,6,0.2551819090285421,0.1325260634996019,-2.10711732506752e-08,0.6145499904818015,106783.0937762374,-190246.61565987975,-0.36898391383675966,Mixed Low,1,"[0.0, 0.5]"
107,7,0.2551819090285421,0.1325260634996019,-1.885928213596344e-08,0.598279021882766,95676.53244016827,-180729.03854099897,-0.2538718045115691,Mixed Low,1,"[0.0, 0.5]"
108,8,0.2551819090285421,0.1325260634996019,-1.525040715932846e-08,0.6275833531789254,91890.793253682,-143273.04060963588,-0.35997691200892173,Mixed Low,1,"[0.0, 0.5]"
109,9,0.2551819090285421,0.1325260634996019,1.7462298274040222e-10,0.6541620547872271,122598.51344781439,-185288.58132151372,-0.30464384921366683,Mixed Low,1,"[0.0, 0.5]"
110,10,0.2551819090285421,0.1325260634996019,1.367880031466484e-09,0.6478939152540921,95604.35581959283,-183590.19683723114,-0.34194716508422135,Mixed Low,1,"[0.0, 0.5]"
111,11,0.2551819090285421,0.1325260634996019,4.3655745685100555e-09,0.6302951523591189,85020.73103536014,-166048.7616836688,-0.3335178908844444,Mixed Low,1,"[0.0, 0.5]"
112,12,0.2551819090285421,0.1325260634996019,3.2014213502407074e-09,0.6249174548493059,88723.9092967441,-184024.9103075305,-0.18714694049775635,Mixed Low,1,"[0.0, 0.5]"
113,13,0.2551819090285421,0.1325260634996019,2.1187588572502136e-08,0.6801455651025543,115398.13067337616,-153101.66183369627,-0.19251967338015577,Mixed Low,1,"[0.0, 0.5]"
114,14,0.2551819090285421,0.1325260634996019,1.9615981727838516e-08,0.6679214479633697,72025.82457401697,-125308.76320374256,-0.34869144357173015,Mixed Low,1,"[0.0, 0.5]"
115,15,0.2551819090285421,0.1325260634996019,2.136221155524254e-08,0.6522823077305888,89873.54291677837,-123599.43888602531,-0.2541820199761765,Mixed Low,1,"[0.0, 0.5]"
116,16,0.2551819090285421,0.1325260634996019,1.5133991837501526e-08,0.6604038908338168,99848.57841762331,-142068.02909195327,-0.3668095500945981,Mixed Low,1,"[0.0, 0.5]"
117,17,0.2551819090285421,0.1325260634996019,1.5686964616179466e-08,0.6476326273077517,93266.43716228075,-111737.90169708821,-0.23899902935179004,Mixed Low,1,"[0.0, 0.5]"
118,18,0.2551819090285421,0.1325260634996019,1.2310920283198357e-08,0.6661662067643774,62856.74093194889,-131619.9423756481,-0.3062166250483161,Mixed Low,1,"[0.0, 0.5]"
119,19,0.2551819090285421,0.1325260634996019,4.583853296935558e-09,0.6681453609328676,83489.2529007243,-112084.209375155,-0.2905999569902363,Mixed Low,1,"[0.0, 0.5]"
120,20,0.2551819090285421,0.1325260634996019,-5.675246939063072e-09,0.6970801123298209,52247.354260344786,-60445.81484552709,-0.2615846698438709,Mixed Low,1,"[0.0, 0.5]"
121,21,0.2551819090285421,0.1325260634996019,-6.548361852765083e-09,0.6722556748212223,57803.93291507327,-66633.21641376121,-0.2911708217458747,Mixed Low,1,"[0.0, 0.5]"
122,22,0.2551819090285421,0.1325260634996019,-1.4042598195374012e-08,0.6872294053316135,53471.776240112755,-98634.52211533775,-0.23378536710275397,Mixed Low,1,"[0.0, 0.5]"
123,23,0.2551819090285421,0.1325260634996019,-4.2637111619114876e-09,0.6672532736962704,58344.24595678372,-69425.72641721557,-0.2821398782820524,Mixed Low,1,"[0.0, 0.5]"
124,24,0.2551819090285421,0.1325260634996019,-3.6088749766349792e-09,0.6720107430395603,59053.66703576708,-100903.99362138263,-0.34168177852921394,Mixed Low,1,"[0.0, 0.5]"
125,0,0.2646450999820983,0.13212003560212068,-2.3865140974521637e-09,0.7235494906943831,198955.25380210605,-179943.28053414007,-0.23678985896970006,Mixed Low,2,"[0.0, 0.5]"
126,1,0.2646450999820983,0.13212003560212068,-1.9208528101444244e-09,0.6865553863777341,225959.7061147486,-223291.92914070492,-0.29862474341521467,Mixed Low,2,"[0.0, 0.5]"
127,2,0.2646450999820983,0.13212003560212068,-5.2023096941411495e-09,0.6666012319080503,203862.3652823415,-221041.00419887295,-0.36795522029532163,Mixed Low,2,"[0.0, 0.5]"
128,3,0.2646450999820983,0.13212003560212068,1.7411366570740938e-08,0.681495001558277,184610.66213933442,-147517.63994573272,-0.35762272895501557,Mixed Low,2,"[0.0, 0.5]"
129,4,0.2646450999820983,0.13212003560212068,2.4519977159798145e-08,0.6877121293946777,146816.50850316038,-195940.42165930703,-0.3229964040473055,Mixed Low,2,"[0.0, 0.5]"
130,5,0.2646450999820983,0.13212003560212068,1.7782440409064293e-08,0.6653804963289116,117136.97422856303,-218856.67871734378,-0.3650398254620454,Mixed Low,2,"[0.0, 0.5]"
131,6,0.2646450999820983,0.13212003560212068,2.302112989127636e-08,0.6676489452431775,127916.76566119003,-220682.45052285175,-0.3267925635913857,Mixed Low,2,"[0.0, 0.5]"
132,7,0.2646450999820983,0.13212003560212068,1.9354047253727913e-08,0.6885127336834376,128606.1010128664,-172649.1030140814,-0.3445217572143357,Mixed Low,2,"[0.0, 0.5]"
133,8,0.2646450999820983,0.13212003560212068,1.8058926798403263e-08,0.6858673075912329,109308.50457563176,-127831.60403096343,-0.16461340278866898,Mixed Low,2,"[0.0, 0.5]"
134,9,0.2646450999820983,0.13212003560212068,1.973239704966545e-08,0.688677214573409,112221.07977401142,-114713.65556703741,-0.24462384418773486,Mixed Low,2,"[0.0, 0.5]"
135,10,0.2646450999820983,0.13212003560212068,2.690649125725031e-08,0.7097494558360034,78924.90140537021,-115394.90674850481,-0.27743419799400054,Mixed Low,2,"[0.0, 0.5]"
136,11,0.2646450999820983,0.13212003560212068,3.1228410080075264e-08,0.68204226751993,118570.75119766532,-95470.70272482595,-0.2896753597337861,Mixed Low,2,"[0.0, 0.5]"
137,12,0.2646450999820983,0.13212003560212068,2.4141627363860607e-08,0.6500037632241413,69867.68406536187,-111817.30815208601,-0.12249643532061993,Mixed Low,2,"[0.0, 0.5]"
138,13,0.2646450999820983,0.13212003560212068,2.527667675167322e-08,0.6383023545135078,58245.17580194952,-135164.5016166704,-0.17705758752426345,Mixed Low,2,"[0.0, 0.5]"
139,14,0.2646450999820983,0.13212003560212068,2.385058905929327e-08,0.6181572446078953,92775.89483352247,-91756.26707625944,-0.08030775283177238,Mixed Low,2,"[0.0, 0.5]"
140,15,0.2646450999820983,0.13212003560212068,1.4384568203240633e-08,0.6221255229054914,60203.68028436873,-103078.85027317013,-0.048107863841818935,Mixed Low,2,"[0.0, 0.5]"
141,16,0.2646450999820983,0.13212003560212068,1.822263584472239e-08,0.6732595468919038,44802.95395364794,-63377.948361050745,-0.16491562585550418,Mixed Low,2,"[0.0, 0.5]"
142,17,0.2646450999820983,0.13212003560212068,-1.076841726899147e-09,0.6363352541374803,44505.40834661911,-76960.39004257465,-0.07740294902949432,Mixed Low,2,"[0.0, 0.5]"
143,18,0.2646450999820983,0.13212003560212068,1.3606040738523006e-08,0.6493378536105192,43785.79622107101,-87411.86583198955,-0.15547535176423938,Mixed Low,2,"[0.0, 0.5]"
144,19,0.2646450999820983,0.13212003560212068,7.450580596923828e-09,0.6597706792106504,51610.167857539695,-90510.97865390722,-0.19621931300846274,Mixed Low,2,"[0.0, 0.5]"
145,20,0.2646450999820983,0.13212003560212068,1.1204974725842476e-09,0.6517120055432151,49068.020924464756,-104727.26362760499,-0.2179782919174181,Mixed Low,2,"[0.0, 0.5]"
146,21,0.2646450999820983,0.13212003560212068,-8.476490620523691e-09,0.5919690500753323,38967.67685916915,-104737.97987044134,-0.22112300107229832,Mixed Low,2,"[0.0, 0.5]"
147,22,0.2646450999820983,0.13212003560212068,-9.997165761888027e-09,0.663674524245335,53646.79663012474,-113880.98748269858,-0.11249489401117217,Mixed Low,2,"[0.0, 0.5]"
148,23,0.2646450999820983,0.13212003560212068,-1.1008523870259523e-08,0.6486265870482992,45432.27511873655,-58579.135091706776,-0.10080375928499624,Mixed Low,2,"[0.0, 0.5]"
149,24,0.2646450999820983,0.13212003560212068,4.889443516731262e-09,0.614448759541643,39437.66728923103,-60058.05394633548,-0.14816475600603815,Mixed Low,2,"[0.0, 0.5]"
150,0,0.46618193703195976,0.16170718703548664,-1.663283910602331e-08,0.7253279774895653,260592.1486222087,-184751.86619181608,-0.3923668383117937,Balanced,0,"[0.2, 0.8]"
151,1,0.46618193703195976,0.16170718703548664,3.754394128918648e-09,0.7222188529836127,280060.2130491101,-208976.99223923753,-0.4393152661891817,Balanced,0,"[0.2, 0.8]"
152,2,0.46618193703195976,0.16170718703548664,-2.764863893389702e-10,0.718837190916662,309177.00189781596,-225570.942063781,-0.43764451335243776,Balanced,0,"[0.2, 0.8]"
153,3,0.46618193703195976,0.16170718703548664,-3.0704541131854057e-09,0.7045736993839344,341543.5154934777,-209122.74814386392,-0.4429363773527061,Balanced,0,"[0.2, 0.8]"
154,4,0.46618193703195976,0.16170718703548664,-1.6880221664905548e-09,0.6990488304826663,310068.8889724096,-240401.7291510907,-0.4036884253287455,Balanced,0,"[0.2, 0.8]"
155,5,0.46618193703195976,0.16170718703548664,7.392372936010361e-09,0.7020942993131853,290675.87054645596,-235999.5614108635,-0.44861906360052023,Balanced,0,"[0.2, 0.8]"
156,6,0.46618193703195976,0.16170718703548664,1.0477378964424133e-09,0.6673048433372533,198580.61148918644,-261554.8586790448,-0.5034579678784264,Balanced,0,"[0.2, 0.8]"
157,7,0.46618193703195976,0.16170718703548664,8.731149137020111e-10,0.6518616970964115,178835.56998152693,-292994.804745303,-0.5181533499697155,Balanced,0,"[0.2, 0.8]"
158,8,0.46618193703195976,0.16170718703548664,1.3707904145121574e-08,0.6437711339316985,178457.76385059117,-288544.0347745759,-0.6004361705127547,Balanced,0,"[0.2, 0.8]"
159,9,0.46618193703195976,0.16170718703548664,-3.346940502524376e-10,0.6694925435164882,187174.04415340547,-276246.67667627864,-0.5929570946786279,Balanced,0,"[0.2, 0.8]"
160,10,0.46618193703195976,0.16170718703548664,1.1437805369496346e-08,0.6364970047164764,179071.33885517428,-272219.91600820975,-0.5770680506062191,Balanced,0,"[0.2, 0.8]"
161,11,0.46618193703195976,0.16170718703548664,8.993083611130714e-09,0.6176099070040015,155871.85917703982,-228203.2150767021,-0.5795299431277687,Balanced,0,"[0.2, 0.8]"
162,12,0.46618193703195976,0.16170718703548664,6.05359673500061e-09,0.5932225893554071,122899.86404428812,-223028.66350112035,-0.585868420644094,Balanced,0,"[0.2, 0.8]"
163,13,0.46618193703195976,0.16170718703548664,3.899913281202316e-09,0.6280661124842379,112039.52814041468,-195312.68586301556,-0.6172847434943389,Balanced,0,"[0.2, 0.8]"
164,14,0.46618193703195976,0.16170718703548664,7.668859325349331e-09,0.6163099711944635,134667.37618460582,-187426.82470662167,-0.5653215765188329,Balanced,0,"[0.2, 0.8]"
165,15,0.46618193703195976,0.16170718703548664,4.089088179171085e-09,0.6100240924143454,146956.72644440815,-208797.30581161918,-0.6515120313306285,Balanced,0,"[0.2, 0.8]"
166,16,0.46618193703195976,0.16170718703548664,-8.731149137020111e-11,0.6172219031261144,144205.55382147373,-206532.6928454571,-0.6550416958272688,Balanced,0,"[0.2, 0.8]"
167,17,0.46618193703195976,0.16170718703548664,-7.916241884231567e-09,0.6131855149944581,141870.82392992382,-231284.22257457563,-0.6220098018123584,Balanced,0,"[0.2, 0.8]"
168,18,0.46618193703195976,0.16170718703548664,-3.637978807091713e-09,0.5845423405102983,133691.36605181114,-241661.6256024193,-0.6384437451655613,Balanced,0,"[0.2, 0.8]"
169,19,0.46618193703195976,0.16170718703548664,5.558831617236137e-09,0.6333450423127773,134592.31975489823,-219174.08981555983,-0.6626233392107802,Balanced,0,"[0.2, 0.8]"
170,20,0.46618193703195976,0.16170718703548664,7.30506144464016e-09,0.6331239005832223,142841.7805640141,-217106.94410900833,-0.634411848953934,Balanced,0,"[0.2, 0.8]"
171,21,0.46618193703195976,0.16170718703548664,7.436028681695461e-09,0.6536045889751647,152320.74296975028,-208532.03947304102,-0.6048745784502351,Balanced,0,"[0.2, 0.8]"
172,22,0.46618193703195976,0.16170718703548664,1.234002411365509e-08,0.6201539656076984,98139.17527729717,-203945.9090279798,-0.6017543429688248,Balanced,0,"[0.2, 0.8]"
173,23,0.46618193703195976,0.16170718703548664,-1.949956640601158e-09,0.6052516136391555,94232.08559215056,-220909.1363162686,-0.5668846815190827,Balanced,0,"[0.2, 0.8]"
174,24,0.46618193703195976,0.16170718703548664,5.231413524597883e-09,0.6257588196057566,92083.39003074585,-201698.61667716815,-0.6023237016614961,Balanced,0,"[0.2, 0.8]"
175,0,0.5202740846215865,0.15622760947753447,1.8830178305506706e-08,0.7095956068884621,201377.02135373975,-189480.2272157954,-0.19265381429823775,Balanced,1,"[0.2, 0.8]"
176,1,0.5202740846215865,0.15622760947753447,1.1641532182693481e-08,0.7035271871791566,297404.889203478,-237790.925189122,-0.22578718871734435,Balanced,1,"[0.2, 0.8]"
177,2,0.5202740846215865,0.15622760947753447,9.924406185746193e-09,0.6822218664042989,216233.97597668393,-232831.59549804375,-0.3379278677676393,Balanced,1,"[0.2, 0.8]"
178,3,0.5202740846215865,0.15622760947753447,8.731149137020111e-09,0.6680537889770553,251467.3678335365,-224833.59329862695,-0.404717169749166,Balanced,1,"[0.2, 0.8]"
179,4,0.5202740846215865,0.15622760947753447,4.889443516731262e-09,0.6601446313890393,331311.3087521386,-222716.51562845428,-0.38886886123501435,Balanced,1,"[0.2, 0.8]"
180,5,0.5202740846215865,0.15622760947753447,1.594889909029007e-08,0.6632096487619734,344748.959085889,-196197.65358360275,-0.36260390107524715,Balanced,1,"[0.2, 0.8]"
181,6,0.5202740846215865,0.15622760947753447,1.4115357771515846e-08,0.6492063652728972,270667.41205823736,-249916.18514454746,-0.3320249856028774,Balanced,1,"[0.2, 0.8]"
182,7,0.5202740846215865,0.15622760947753447,1.5425030142068863e-09,0.6303252620188611,235320.27236063927,-236857.5854843023,-0.37030232614304354,Balanced,1,"[0.2, 0.8]"
183,8,0.5202740846215865,0.15622760947753447,-3.7834979593753815e-10,0.6079523914842615,171883.06653663912,-195872.07118642228,-0.4761923307870698,Balanced,1,"[0.2, 0.8]"
184,9,0.5202740846215865,0.15622760947753447,6.2282197177410126e-09,0.6063363321693616,189604.4824268774,-197520.06412193982,-0.5337071700127498,Balanced,1,"[0.2, 0.8]"
185,10,0.5202740846215865,0.15622760947753447,1.1816155165433884e-08,0.6175398523388911,152583.37885776872,-198972.9503235376,-0.5791127862515181,Balanced,1,"[0.2, 0.8]"
186,11,0.5202740846215865,0.15622760947753447,1.0331859812140465e-08,0.6206027382467871,139890.71520408278,-231768.28766131608,-0.6326781210280229,Balanced,1,"[0.2, 0.8]"
187,12,0.5202740846215865,0.15622760947753447,9.546056389808655e-09,0.5773003112542929,171680.3051389843,-233889.02358545113,-0.5728071252630241,Balanced,1,"[0.2, 0.8]"
188,13,0.5202740846215865,0.15622760947753447,2.0081643015146255e-09,0.5657331199094886,134130.84901147173,-218392.16279401848,-0.641746146559678,Balanced,1,"[0.2, 0.8]"
189,14,0.5202740846215865,0.15622760947753447,2.08528945222497e-08,0.5980720525152883,157060.01434560545,-218401.84990197918,-0.6194536239109217,Balanced,1,"[0.2, 0.8]"
190,15,0.5202740846215865,0.15622760947753447,2.0052539184689522e-08,0.5814055055036338,149535.0269932335,-223410.36528115303,-0.6009565814002783,Balanced,1,"[0.2, 0.8]"
191,16,0.5202740846215865,0.15622760947753447,5.122274160385132e-09,0.6045328380151305,138853.5008017337,-195150.01646562517,-0.6426427752993699,Balanced,1,"[0.2, 0.8]"
192,17,0.5202740846215865,0.15622760947753447,4.409230314195156e-09,0.613078754960525,137153.33753715918,-214905.4908988654,-0.6071590358037922,Balanced,1,"[0.2, 0.8]"
193,18,0.5202740846215865,0.15622760947753447,5.209585651755333e-09,0.595373261813066,96282.7473993382,-189878.30842544962,-0.6016218527294553,Balanced,1,"[0.2, 0.8]"
194,19,0.5202740846215865,0.15622760947753447,1.1263182386755943e-08,0.586971372338841,95745.25400815444,-213704.1270311895,-0.6451801142094413,Balanced,1,"[0.2, 0.8]"
195,20,0.5202740846215865,0.15622760947753447,-9.604264050722122e-10,0.6116822849068351,105662.47599911658,-186825.0881269165,-0.6869013182563691,Balanced,1,"[0.2, 0.8]"
196,21,0.5202740846215865,0.15622760947753447,4.190951585769653e-09,0.6058004061073345,139018.68950218364,-211569.25295188316,-0.5940308068585485,Balanced,1,"[0.2, 0.8]"
197,22,0.5202740846215865,0.15622760947753447,9.953510016202927e-09,0.616788070526888,144654.44184349314,-179164.44052185147,-0.6297552048502961,Balanced,1,"[0.2, 0.8]"
198,23,0.5202740846215865,0.15622760947753447,1.2427335605025291e-08,0.638039141169287,146519.0638920274,-170304.7181809049,-0.5825226291608885,Balanced,1,"[0.2, 0.8]"
199,24,0.5202740846215865,0.15622760947753447,2.6193447411060333e-09,0.6187107389681676,127266.00768636109,-187260.5277481121,-0.5935457955813104,Balanced,1,"[0.2, 0.8]"
200,0,0.522741651997743,0.18716314225342962,-1.775333657860756e-09,0.6625038112162878,251400.00464368085,-198946.40092931513,-0.32119414281336317,Balanced,2,"[0.2, 0.8]"
201,1,0.522741651997743,0.18716314225342962,-2.852175384759903e-09,0.6186559216648182,212726.31486057,-245706.8103909483,-0.41662143525552053,Balanced,2,"[0.2, 0.8]"
202,2,0.522741651997743,0.18716314225342962,-1.7462298274040222e-08,0.6213018556137817,187151.2942761485,-252180.0892781443,-0.4755084215199296,Balanced,2,"[0.2, 0.8]"
203,3,0.522741651997743,0.18716314225342962,7.1158865466713905e-09,0.5960998282983458,188269.47290678616,-234527.82431458958,-0.5021412261194411,Balanced,2,"[0.2, 0.8]"
204,4,0.522741651997743,0.18716314225342962,-6.79574441164732e-09,0.6032034198505309,179093.16436656058,-220094.61139695492,-0.5511160360961385,Balanced,2,"[0.2, 0.8]"
205,5,0.522741651997743,0.18716314225342962,-7.930793799459934e-09,0.5793442793379187,142245.61882684438,-240129.94396916463,-0.49378790364204195,Balanced,2,"[0.2, 0.8]"
206,6,0.522741651997743,0.18716314225342962,-6.402842700481415e-10,0.5778004844150362,121112.23915749684,-247714.77171922708,-0.5039494482307324,Balanced,2,"[0.2, 0.8]"
207,7,0.522741651997743,0.18716314225342962,-3.6088749766349792e-09,0.6023192303123996,125914.68501517788,-225971.1480793847,-0.5190558198728416,Balanced,2,"[0.2, 0.8]"
208,8,0.522741651997743,0.18716314225342962,7.887138053774834e-09,0.5764000136492513,112159.0942608797,-185723.20535893345,-0.5188839577447056,Balanced,2,"[0.2, 0.8]"
209,9,0.522741651997743,0.18716314225342962,-1.7171259969472885e-09,0.5727577046981525,106173.3359103153,-181456.81795436813,-0.467084088673592,Balanced,2,"[0.2, 0.8]"
210,10,0.522741651997743,0.18716314225342962,1.2514647096395493e-08,0.5517201706175379,97354.98156675254,-204143.56805840362,-0.5464473411276601,Balanced,2,"[0.2, 0.8]"
211,11,0.522741651997743,0.18716314225342962,3.5797711461782455e-09,0.601541315973358,124482.18598086659,-202382.30774892148,-0.5210302062308548,Balanced,2,"[0.2, 0.8]"
212,12,0.522741651997743,0.18716314225342962,-8.847564458847046e-09,0.5955372535930845,141141.00254789292,-245569.83434246297,-0.4902898958830254,Balanced,2,"[0.2, 0.8]"
213,13,0.522741651997743,0.18716314225342962,3.14321368932724e-09,0.5713079270532118,143602.48836309506,-216921.74263050332,-0.413262569859861,Balanced,2,"[0.2, 0.8]"
214,14,0.522741651997743,0.18716314225342962,1.1583324521780014e-08,0.6406877152504449,117670.03836505134,-228055.40053349143,-0.4144216511106452,Balanced,2,"[0.2, 0.8]"
215,15,0.522741651997743,0.18716314225342962,2.0372681319713593e-10,0.6299524747672336,114988.00719446458,-250393.0328595568,-0.4054705946675081,Balanced,2,"[0.2, 0.8]"
216,16,0.522741651997743,0.18716314225342962,-1.57160684466362e-09,0.6189955572570442,93009.59803925957,-246633.26176155458,-0.44291183096673914,Balanced,2,"[0.2, 0.8]"
217,17,0.522741651997743,0.18716314225342962,1.3096723705530167e-08,0.6425219950972485,100422.48277191845,-234791.62476321336,-0.43569252058271907,Balanced,2,"[0.2, 0.8]"
218,18,0.522741651997743,0.18716314225342962,5.908077582716942e-09,0.6159521575304068,87313.54361492013,-231674.57459482146,-0.4405083246374506,Balanced,2,"[0.2, 0.8]"
219,19,0.522741651997743,0.18716314225342962,5.093170329928398e-09,0.6499269135614281,106260.34648052264,-182604.55348465868,-0.5082002026421737,Balanced,2,"[0.2, 0.8]"
220,20,0.522741651997743,0.18716314225342962,3.055902197957039e-09,0.6542029884505449,97153.14392035338,-171413.2384407439,-0.5143201797822826,Balanced,2,"[0.2, 0.8]"
221,21,0.522741651997743,0.18716314225342962,-5.529727786779404e-10,0.6224710564671592,92933.18376725972,-158633.74933864607,-0.5324288038260079,Balanced,2,"[0.2, 0.8]"
222,22,0.522741651997743,0.18716314225342962,4.394678398966789e-09,0.6309913533517266,118048.97217855521,-161148.91942867963,-0.5129167323635205,Balanced,2,"[0.2, 0.8]"
223,23,0.522741651997743,0.18716314225342962,-2.7939677238464355e-09,0.6140390012243844,100881.64618056722,-144093.78759210667,-0.535189707822727,Balanced,2,"[0.2, 0.8]"
224,24,0.522741651997743,0.18716314225342962,5.762558430433273e-09,0.6234926961657965,87977.51129491629,-151993.8284351494,-0.5530003015300833,Balanced,2,"[0.2, 0.8]"
225,0,0.7501978330648719,0.14212187668945775,-4.540197551250458e-09,0.7554661474527815,398246.04873601184,-247205.2742569758,-0.3680469682707523,Mixed High,0,"[0.5, 1.0]"
226,1,0.7501978330648719,0.14212187668945775,-2.561137080192566e-09,0.750608900480807,462355.9703613752,-218173.12740604448,-0.4619228306943493,Mixed High,0,"[0.5, 1.0]"
227,2,0.7501978330648719,0.14212187668945775,7.566995918750763e-10,0.7619216872347574,497825.7620460312,-237911.1359520042,-0.4890400848321611,Mixed High,0,"[0.5, 1.0]"
228,3,0.7501978330648719,0.14212187668945775,2.2118911147117615e-09,0.7539758693269278,497823.8237979289,-283788.33035135164,-0.4755201741907954,Mixed High,0,"[0.5, 1.0]"
229,4,0.7501978330648719,0.14212187668945775,7.683411240577698e-09,0.7262545939315832,423172.64870098646,-256811.13312779836,-0.5166945629859845,Mixed High,0,"[0.5, 1.0]"
230,5,0.7501978330648719,0.14212187668945775,3.725290298461914e-09,0.7192901691834033,397917.2990550425,-303179.90078593424,-0.5932654591364209,Mixed High,0,"[0.5, 1.0]"
231,6,0.7501978330648719,0.14212187668945775,0.0,0.6724075989673903,419777.7299223063,-318780.77341640723,-0.6548551244267279,Mixed High,0,"[0.5, 1.0]"
232,7,0.7501978330648719,0.14212187668945775,1.1641532182693481e-10,0.6856101480039334,406760.6378749226,-344120.68715437036,-0.6255349754445826,Mixed High,0,"[0.5, 1.0]"
233,8,0.7501978330648719,0.14212187668945775,1.1059455573558807e-08,0.6532925685416193,334040.1802767512,-320862.3501524391,-0.6469627116223443,Mixed High,0,"[0.5, 1.0]"
234,9,0.7501978330648719,0.14212187668945775,-7.101334631443024e-09,0.679230065905015,385777.11870715424,-338696.71682987106,-0.6522231479455802,Mixed High,0,"[0.5, 1.0]"
235,10,0.7501978330648719,0.14212187668945775,-7.334165275096893e-09,0.6609334714311854,319948.3396790428,-329536.65157527005,-0.682355801916918,Mixed High,0,"[0.5, 1.0]"
236,11,0.7501978330648719,0.14212187668945775,2.3283064365386963e-10,0.6527209446252393,311704.3355909763,-336070.5363062253,-0.6779158769971305,Mixed High,0,"[0.5, 1.0]"
237,12,0.7501978330648719,0.14212187668945775,1.1641532182693481e-09,0.6364386664397481,289990.0218232326,-317782.3706797969,-0.7154881836886704,Mixed High,0,"[0.5, 1.0]"
238,13,0.7501978330648719,0.14212187668945775,8.032657206058502e-09,0.6053412999056886,271870.6318932161,-314183.95371876244,-0.7588496762449047,Mixed High,0,"[0.5, 1.0]"
239,14,0.7501978330648719,0.14212187668945775,-5.122274160385132e-09,0.6171146154115867,257811.9824475237,-314338.3308870051,-0.7618657087944624,Mixed High,0,"[0.5, 1.0]"
240,15,0.7501978330648719,0.14212187668945775,1.6298145055770874e-09,0.6118841435850564,278018.6926091091,-304026.7864339699,-0.7348828274586571,Mixed High,0,"[0.5, 1.0]"
241,16,0.7501978330648719,0.14212187668945775,1.3969838619232178e-09,0.5944159268133966,241951.33322200272,-304233.46244741086,-0.7494387466780859,Mixed High,0,"[0.5, 1.0]"
242,17,0.7501978330648719,0.14212187668945775,-4.190951585769653e-09,0.5937769839272462,281874.31021241215,-315606.19213236956,-0.7588247267340189,Mixed High,0,"[0.5, 1.0]"
243,18,0.7501978330648719,0.14212187668945775,-3.4924596548080444e-10,0.5813959948095768,282317.5806709969,-344004.17515039654,-0.758209732615284,Mixed High,0,"[0.5, 1.0]"
244,19,0.7501978330648719,0.14212187668945775,1.862645149230957e-08,0.5800851116098411,261724.124114367,-318612.50789548305,-0.7707662098615602,Mixed High,0,"[0.5, 1.0]"
245,20,0.7501978330648719,0.14212187668945775,1.4493707567453384e-08,0.5845349092593497,244052.5721439482,-327481.68853496516,-0.7621700184049223,Mixed High,0,"[0.5, 1.0]"
246,21,0.7501978330648719,0.14212187668945775,5.820766091346741e-09,0.5913083641910515,265887.4208530996,-317883.66644036834,-0.7583266462375295,Mixed High,0,"[0.5, 1.0]"
247,22,0.7501978330648719,0.14212187668945775,5.9371814131736755e-09,0.5887568978395192,263735.3798675309,-336715.4373055424,-0.7461603529611303,Mixed High,0,"[0.5, 1.0]"
248,23,0.7501978330648719,0.14212187668945775,-1.1641532182693481e-10,0.586487369593115,236447.98800470197,-346083.7727974513,-0.7578254497264222,Mixed High,0,"[0.5, 1.0]"
249,24,0.7501978330648719,0.14212187668945775,4.016328603029251e-09,0.5685891207306606,238364.42008901964,-360428.6585403668,-0.7599319197952882,Mixed High,0,"[0.5, 1.0]"
250,0,0.7363892930873706,0.15379054005559778,-1.8044374883174896e-08,0.74938480039269,448192.99156277475,-303969.38399897405,-0.1448865481571945,Mixed High,1,"[0.5, 1.0]"
251,1,0.7363892930873706,0.15379054005559778,-2.1245796233415604e-08,0.7260627930280363,395833.21695562935,-282035.55187286093,-0.3300903419819962,Mixed High,1,"[0.5, 1.0]"
252,2,0.7363892930873706,0.15379054005559778,-2.5320332497358322e-08,0.7059633212207601,347922.3839607863,-288032.3528335254,-0.4281787228299091,Mixed High,1,"[0.5, 1.0]"
253,3,0.7363892930873706,0.15379054005559778,-1.0128132998943329e-08,0.6691223851646446,341671.23724483704,-276245.1336092859,-0.544686650909689,Mixed High,1,"[0.5, 1.0]"
254,4,0.7363892930873706,0.15379054005559778,-1.3620592653751373e-08,0.6659267186714377,324666.31063414784,-282398.97176147776,-0.5865058519226958,Mixed High,1,"[0.5, 1.0]"
255,5,0.7363892930873706,0.15379054005559778,-4.132743924856186e-09,0.6519223566427728,297879.8602837081,-296542.3641848093,-0.6160999514512886,Mixed High,1,"[0.5, 1.0]"
256,6,0.7363892930873706,0.15379054005559778,-9.546056389808655e-09,0.644486967240246,319809.23935698764,-272391.0843405013,-0.6192003615295854,Mixed High,1,"[0.5, 1.0]"
257,7,0.7363892930873706,0.15379054005559778,-1.1757947504520416e-08,0.631137623060505,359610.66124647844,-276086.93761843874,-0.6042866863261305,Mixed High,1,"[0.5, 1.0]"
258,8,0.7363892930873706,0.15379054005559778,-3.4924596548080444e-09,0.6168224423031103,345579.6897355878,-269266.5036905454,-0.6632522356708423,Mixed High,1,"[0.5, 1.0]"
259,9,0.7363892930873706,0.15379054005559778,4.656612873077393e-10,0.6176773730582505,355901.6231141629,-307716.84575578,-0.6186108304269666,Mixed High,1,"[0.5, 1.0]"
260,10,0.7363892930873706,0.15379054005559778,-4.0745362639427185e-09,0.5903487960897911,336357.42470125575,-311245.24300298403,-0.669042526510219,Mixed High,1,"[0.5, 1.0]"
261,11,0.7363892930873706,0.15379054005559778,-8.731149137020111e-09,0.5898429721100173,334326.87673993426,-320548.4819549677,-0.7036881367898887,Mixed High,1,"[0.5, 1.0]"
262,12,0.7363892930873706,0.15379054005559778,-1.4202669262886047e-08,0.5474118439286,270728.56401632185,-303877.1146004099,-0.6763368685993335,Mixed High,1,"[0.5, 1.0]"
263,13,0.7363892930873706,0.15379054005559778,-2.1886080503463745e-08,0.5560540260516464,237181.68624371805,-295837.18115474645,-0.6762589935255926,Mixed High,1,"[0.5, 1.0]"
264,14,0.7363892930873706,0.15379054005559778,-2.176966518163681e-08,0.5409933136834575,249039.06241642655,-310667.217101498,-0.67675737780487,Mixed High,1,"[0.5, 1.0]"
265,15,0.7363892930873706,0.15379054005559778,-1.9150320440530777e-08,0.5626088244268306,239312.78529162615,-296798.5129435778,-0.6843010105827154,Mixed High,1,"[0.5, 1.0]"
266,16,0.7363892930873706,0.15379054005559778,-1.6763806343078613e-08,0.5719185022546436,231715.02408472574,-303186.42092090455,-0.7131424269248586,Mixed High,1,"[0.5, 1.0]"
267,17,0.7363892930873706,0.15379054005559778,-1.3154931366443634e-08,0.5640320521171633,242355.46523930188,-299828.66686481994,-0.7353547488253306,Mixed High,1,"[0.5, 1.0]"
268,18,0.7363892930873706,0.15379054005559778,-1.1641532182693481e-08,0.5788005814422212,255271.90205731615,-329325.89130050334,-0.7427812068187412,Mixed High,1,"[0.5, 1.0]"
269,19,0.7363892930873706,0.15379054005559778,-6.111804395914078e-09,0.5785639107994796,248382.30087096567,-336878.5502019536,-0.7460597324999696,Mixed High,1,"[0.5, 1.0]"
270,20,0.7363892930873706,0.15379054005559778,-9.487848728895187e-09,0.5570989464748961,216925.54793891736,-338359.7422107928,-0.7352007628969333,Mixed High,1,"[0.5, 1.0]"
271,21,0.7363892930873706,0.15379054005559778,-3.3178366720676422e-09,0.553061524698496,238281.8481330555,-308950.54625761026,-0.7857857546167204,Mixed High,1,"[0.5, 1.0]"
272,22,0.7363892930873706,0.15379054005559778,-3.434251993894577e-09,0.5757665503530438,226355.89246014348,-314327.26379750035,-0.7673763202183586,Mixed High,1,"[0.5, 1.0]"
273,23,0.7363892930873706,0.15379054005559778,-3.7834979593753815e-09,0.580495783476999,203834.29329871252,-320554.1216593029,-0.7646234156539302,Mixed High,1,"[0.5, 1.0]"
274,24,0.7363892930873706,0.15379054005559778,-1.6530975699424744e-08,0.576505890867127,219579.76171646625,-327040.12401454605,-0.7797497226199847,Mixed High,1,"[0.5, 1.0]"
275,0,0.76014704998638,0.15075492380089223,-9.225914254784584e-09,0.7633169202037837,366979.3395453824,-194937.99097570157,-0.08512546313785846,Mixed High,2,"[0.5, 1.0]"
276,1,0.76014704998638,0.15075492380089223,4.8603396862745285e-09,0.751236852913902,427545.8063543261,-219547.1030816575,-0.07882058591664455,Mixed High,2,"[0.5, 1.0]"
277,2,0.76014704998638,0.15075492380089223,-5.8498699218034744e-09,0.7138341288096204,297526.9478776521,-226356.75141527393,-0.23993642877142543,Mixed High,2,"[0.5, 1.0]"
278,3,0.76014704998638,0.15075492380089223,-1.05355866253376e-08,0.6658820023000152,277206.4468620433,-246843.1195189815,-0.275332986868055,Mixed High,2,"[0.5, 1.0]"
279,4,0.76014704998638,0.15075492380089223,-7.683411240577698e-09,0.6616298672353669,277731.101442068,-245079.18819827202,-0.3560838434195744,Mixed High,2,"[0.5, 1.0]"
280,5,0.76014704998638,0.15075492380089223,-1.2514647096395493e-08,0.6434412143394366,297680.47910899966,-239808.2620287629,-0.4138445921380589,Mixed High,2,"[0.5, 1.0]"
281,6,0.76014704998638,0.15075492380089223,-5.980837158858776e-09,0.6531002201554801,287458.99218371534,-250103.91985043715,-0.41745470471771384,Mixed High,2,"[0.5, 1.0]"
282,7,0.76014704998638,0.15075492380089223,-2.2060703486204147e-08,0.6350877986072656,294328.29406183655,-244477.9438034756,-0.46095646740699775,Mixed High,2,"[0.5, 1.0]"
283,8,0.76014704998638,0.15075492380089223,-1.9674189388751984e-08,0.6348636967322576,237930.79434712476,-277109.69173241284,-0.5104155061159987,Mixed High,2,"[0.5, 1.0]"
284,9,0.76014704998638,0.15075492380089223,-1.5599653124809265e-08,0.6730743016420113,267966.2340112911,-302770.51124021906,-0.5247971174402765,Mixed High,2,"[0.5, 1.0]"
285,10,0.76014704998638,0.15075492380089223,-1.909211277961731e-08,0.676605655254878,285649.87783274945,-272296.7097492804,-0.5763283684017569,Mixed High,2,"[0.5, 1.0]"
286,11,0.76014704998638,0.15075492380089223,-1.0302755981683731e-08,0.6449641891358397,236638.380293823,-308807.16800672165,-0.5925688516401609,Mixed High,2,"[0.5, 1.0]"
287,12,0.76014704998638,0.15075492380089223,-3.5797711461782455e-09,0.6338161218362479,241602.3543533954,-294053.54016574356,-0.6453114366015399,Mixed High,2,"[0.5, 1.0]"
288,13,0.76014704998638,0.15075492380089223,5.820766091346741e-09,0.6407045705954415,254245.44724158838,-282252.2260727631,-0.6710544589113384,Mixed High,2,"[0.5, 1.0]"
289,14,0.76014704998638,0.15075492380089223,2.153683453798294e-09,0.6374999499840694,250117.03239185753,-278491.5552492081,-0.6617525859332861,Mixed High,2,"[0.5, 1.0]"
290,15,0.76014704998638,0.15075492380089223,4.16184775531292e-09,0.6554079640525117,267730.8121668507,-275944.3784632366,-0.6270214313840998,Mixed High,2,"[0.5, 1.0]"
291,16,0.76014704998638,0.15075492380089223,6.693881005048752e-09,0.6309007797661934,274387.5060621131,-272930.515162495,-0.6672047964239814,Mixed High,2,"[0.5, 1.0]"
292,17,0.76014704998638,0.15075492380089223,-2.9685907065868378e-09,0.5948974757951524,234254.1030794046,-274399.1263349986,-0.7060093431380933,Mixed High,2,"[0.5, 1.0]"
293,18,0.76014704998638,0.15075492380089223,-6.897607818245888e-09,0.593204460598121,228405.26196196023,-277869.1929293864,-0.7175557911736982,Mixed High,2,"[0.5, 1.0]"
294,19,0.76014704998638,0.15075492380089223,-6.51925802230835e-09,0.6090509720898092,216197.22475982644,-286708.17598631146,-0.7091996744207952,Mixed High,2,"[0.5, 1.0]"
295,20,0.76014704998638,0.15075492380089223,-1.0593794286251068e-08,0.6085288239496491,252227.47220891417,-299851.6953314593,-0.7187309770944992,Mixed High,2,"[0.5, 1.0]"
296,21,0.76014704998638,0.15075492380089223,8.731149137020111e-11,0.5902869988013117,229111.50106276345,-289936.70817612746,-0.6829589908673432,Mixed High,2,"[0.5, 1.0]"
297,22,0.76014704998638,0.15075492380089223,-6.897607818245888e-09,0.5544379102766994,226227.83372257327,-289560.3466813876,-0.7162335328116892,Mixed High,2,"[0.5, 1.0]"
298,23,0.76014704998638,0.15075492380089223,-1.5366822481155396e-08,0.6055152755668811,260288.50686268124,-263473.8877796509,-0.6702298443810036,Mixed High,2,"[0.5, 1.0]"
299,24,0.76014704998638,0.15075492380089223,-6.28642737865448e-09,0.5989754674271903,254850.00756988558,-279550.7225445813,-0.6935272625446246,Mixed High,2,"[0.5, 1.0]"
300,0,0.8592052348083834,0.07786208295527271,3.259629011154175e-09,0.7949356590603474,493999.84112291114,-204052.71433991316,-0.10637823794811756,Risk Averse,0,"[0.7, 1.0]"
301,1,0.8592052348083834,0.07786208295527271,-4.889443516731262e-09,0.8178127718951675,587085.9778274596,-182801.77308688272,-0.11885160871665254,Risk Averse,0,"[0.7, 1.0]"
302,2,0.8592052348083834,0.07786208295527271,5.180481821298599e-09,0.7949724628742778,571917.4963219383,-242777.12274360363,-0.13728193273243874,Risk Averse,0,"[0.7, 1.0]"
303,3,0.8592052348083834,0.07786208295527271,-5.180481821298599e-09,0.7820179652808987,546158.8811495746,-255671.56127893785,-0.16084119988948958,Risk Averse,0,"[0.7, 1.0]"
304,4,0.8592052348083834,0.07786208295527271,3.4924596548080444e-10,0.751406000329067,417491.3328984024,-258286.0006610151,-0.20134148228084148,Risk Averse,0,"[0.7, 1.0]"
305,5,0.8592052348083834,0.07786208295527271,1.1641532182693481e-10,0.7409951149124361,449378.19109070103,-285674.87681467284,-0.22411620015158432,Risk Averse,0,"[0.7, 1.0]"
306,6,0.8592052348083834,0.07786208295527271,-8.731149137020111e-09,0.7304813978379807,366152.4443114692,-290939.36049489974,-0.2579535063119613,Risk Averse,0,"[0.7, 1.0]"
307,7,0.8592052348083834,0.07786208295527271,-1.1525116860866547e-08,0.7026957578624513,408950.99904272496,-293894.72919860465,-0.24279111191399863,Risk Averse,0,"[0.7, 1.0]"
308,8,0.8592052348083834,0.07786208295527271,-2.3283064365386963e-10,0.7495237852712948,375335.3525273038,-285586.5877493341,-0.33163123480517975,Risk Averse,0,"[0.7, 1.0]"
309,9,0.8592052348083834,0.07786208295527271,-2.3865140974521637e-09,0.722565636935351,322972.30500963493,-280121.60333416297,-0.32804412419675,Risk Averse,0,"[0.7, 1.0]"
310,10,0.8592052348083834,0.07786208295527271,-2.270098775625229e-09,0.6959773710601795,363299.3309428372,-300104.07621086505,-0.341122319200596,Risk Averse,0,"[0.7, 1.0]"
311,11,0.8592052348083834,0.07786208295527271,-4.103640094399452e-09,0.6801166948593138,427501.9677976432,-288788.7342873223,-0.4096330088855876,Risk Averse,0,"[0.7, 1.0]"
312,12,0.8592052348083834,0.07786208295527271,-7.043126970529556e-09,0.6604004584597523,372436.4184586119,-276370.42542566924,-0.40486317941001354,Risk Averse,0,"[0.7, 1.0]"
313,13,0.8592052348083834,0.07786208295527271,5.6461431086063385e-09,0.6558218958118984,332463.3782327849,-269785.7787785935,-0.3641220204581636,Risk Averse,0,"[0.7, 1.0]"
314,14,0.8592052348083834,0.07786208295527271,1.2863893061876297e-08,0.6598400167792842,375697.67111959384,-272935.0795772123,-0.38935749065709885,Risk Averse,0,"[0.7, 1.0]"
315,15,0.8592052348083834,0.07786208295527271,9.74978320300579e-09,0.6706685530540533,325327.04861683527,-282084.6087266659,-0.40658621825753805,Risk Averse,0,"[0.7, 1.0]"
316,16,0.8592052348083834,0.07786208295527271,4.831235855817795e-09,0.6858341696131507,344981.3262046685,-301874.1388501698,-0.3821785787175915,Risk Averse,0,"[0.7, 1.0]"
317,17,0.8592052348083834,0.07786208295527271,1.2980308383703232e-08,0.6918571067920298,308672.4115291251,-243692.9650902909,-0.4648988765164749,Risk Averse,0,"[0.7, 1.0]"
318,18,0.8592052348083834,0.07786208295527271,1.146690919995308e-08,0.6777341318336598,297838.57827763003,-257174.20687220126,-0.5386996903148457,Risk Averse,0,"[0.7, 1.0]"
319,19,0.8592052348083834,0.07786208295527271,-4.71482053399086e-09,0.6763302485851068,294998.33416995825,-271541.2468283445,-0.5273353671481137,Risk Averse,0,"[0.7, 1.0]"
320,20,0.8592052348083834,0.07786208295527271,-3.3178366720676422e-09,0.6534796252250934,317867.7877221791,-265542.16734228603,-0.5235529539203837,Risk Averse,0,"[0.7, 1.0]"
321,21,0.8592052348083834,0.07786208295527271,-3.14321368932724e-09,0.6926690743657018,331080.27987240313,-268511.0839429477,-0.5146026851824689,Risk Averse,0,"[0.7, 1.0]"
322,22,0.8592052348083834,0.07786208295527271,-2.9103830456733704e-09,0.6765654205839131,310290.5860295262,-279065.8264660698,-0.48141216415218335,Risk Averse,0,"[0.7, 1.0]"
323,23,0.8592052348083834,0.07786208295527271,-1.1670636013150215e-08,0.647221109364462,291528.4025722564,-284884.53704992234,-0.5154930634505895,Risk Averse,0,"[0.7, 1.0]"
324,24,0.8592052348083834,0.07786208295527271,5.791662260890007e-09,0.6453451062365019,322956.103768264,-283898.8427075777,-0.5285417149156499,Risk Averse,0,"[0.7, 1.0]"
325,0,0.8504700899360027,0.08051543515108449,-2.2118911147117615e-09,0.7804623175311256,447392.2486784286,-246144.1034722808,-0.1717986413655271,Risk Averse,1,"[0.7, 1.0]"
326,1,0.8504700899360027,0.08051543515108449,3.725290298461914e-09,0.7609154566639214,514539.47123346897,-249051.96703115155,-0.21668441205275762,Risk Averse,1,"[0.7, 1.0]"
327,2,0.8504700899360027,0.08051543515108449,1.3504177331924438e-08,0.7404109128917458,436248.94810299046,-284508.87580168946,-0.24622443573022995,Risk Averse,1,"[0.7, 1.0]"
328,3,0.8504700899360027,0.08051543515108449,1.280568540096283e-09,0.7416913367569029,456539.44262418745,-303825.3980699307,-0.2527272856610053,Risk Averse,1,"[0.7, 1.0]"
329,4,0.8504700899360027,0.08051543515108449,0.0,0.7109268372994124,476396.28402147215,-301924.9413598551,-0.2879356137137425,Risk Averse,1,"[0.7, 1.0]"
330,5,0.8504700899360027,0.08051543515108449,-8.265487849712372e-09,0.7076048172268696,452569.72373442556,-301020.004000355,-0.3154227150177922,Risk Averse,1,"[0.7, 1.0]"
331,6,0.8504700899360027,0.08051543515108449,-7.8580342233181e-09,0.6974093722129666,405641.6250378001,-288423.66678888357,-0.3135092852837057,Risk Averse,1,"[0.7, 1.0]"
332,7,0.8504700899360027,0.08051543515108449,-4.394678398966789e-09,0.6861258077815942,380838.5079643786,-276065.8301181048,-0.3432908674574857,Risk Averse,1,"[0.7, 1.0]"
333,8,0.8504700899360027,0.08051543515108449,-9.19681042432785e-09,0.6769885240641398,401242.7564592093,-287645.4781847687,-0.36225873221617405,Risk Averse,1,"[0.7, 1.0]"
334,9,0.8504700899360027,0.08051543515108449,-7.566995918750763e-09,0.6646471483976533,365632.46918313776,-257587.31110439176,-0.4115766126056235,Risk Averse,1,"[0.7, 1.0]"
335,10,0.8504700899360027,0.08051543515108449,-1.1932570487260818e-08,0.6943301366352557,353089.98519217095,-274386.1621058081,-0.33601185580917325,Risk Averse,1,"[0.7, 1.0]"
336,11,0.8504700899360027,0.08051543515108449,4.132743924856186e-09,0.6831458600879798,397735.8115040477,-269687.23542836396,-0.4091778468362791,Risk Averse,1,"[0.7, 1.0]"
337,12,0.8504700899360027,0.08051543515108449,1.100124791264534e-08,0.6902909648670383,416385.8418500962,-305004.5435031936,-0.4314513751173849,Risk Averse,1,"[0.7, 1.0]"
338,13,0.8504700899360027,0.08051543515108449,7.043126970529556e-09,0.6884640274458134,375384.5618562968,-296527.3499969549,-0.4844142619953768,Risk Averse,1,"[0.7, 1.0]"
339,14,0.8504700899360027,0.08051543515108449,-2.9103830456733704e-09,0.6926894514616861,349583.37075440324,-255819.05786456447,-0.46378867275950053,Risk Averse,1,"[0.7, 1.0]"
340,15,0.8504700899360027,0.08051543515108449,1.9208528101444244e-09,0.6959585918169111,364289.6753707344,-267699.546157878,-0.4836747833542233,Risk Averse,1,"[0.7, 1.0]"
341,16,0.8504700899360027,0.08051543515108449,-2.270098775625229e-09,0.6509245837156266,363029.13794244407,-258790.42936563972,-0.5230680990225948,Risk Averse,1,"[0.7, 1.0]"
342,17,0.8504700899360027,0.08051543515108449,-1.3387762010097504e-09,0.642594724676095,388629.3379539436,-295559.84366754006,-0.5632976141846864,Risk Averse,1,"[0.7, 1.0]"
343,18,0.8504700899360027,0.08051543515108449,-3.637978807091713e-09,0.600569740592747,339906.1109339128,-261896.346921057,-0.5395541538327722,Risk Averse,1,"[0.7, 1.0]"
344,19,0.8504700899360027,0.08051543515108449,-5.122274160385132e-09,0.602843515609236,310916.7404583365,-258872.26197650973,-0.5644725127697938,Risk Averse,1,"[0.7, 1.0]"
345,20,0.8504700899360027,0.08051543515108449,-2.176966518163681e-08,0.5872219408543862,379378.43198361155,-296582.3926318184,-0.5368684053376866,Risk Averse,1,"[0.7, 1.0]"
346,21,0.8504700899360027,0.08051543515108449,-1.4872057363390923e-08,0.591687411955113,356967.15193874843,-286151.5841921728,-0.5170010965993094,Risk Averse,1,"[0.7, 1.0]"
347,22,0.8504700899360027,0.08051543515108449,-8.934875950217247e-09,0.5803959753281442,329073.7092511745,-286854.7325451332,-0.5364709354660554,Risk Averse,1,"[0.7, 1.0]"
348,23,0.8504700899360027,0.08051543515108449,1.9208528101444244e-09,0.6140003450541889,332951.44878398173,-269135.6273213186,-0.580374243007488,Risk Averse,1,"[0.7, 1.0]"
349,24,0.8504700899360027,0.08051543515108449,-6.984919309616089e-09,0.5868783626734293,323743.53956804774,-271013.928708693,-0.5662801886593101,Risk Averse,1,"[0.7, 1.0]"
350,0,0.8450367579458338,0.08507616698237777,3.899913281202316e-09,0.7598463032868052,522194.5331039287,-232199.5662939473,-0.20272204916680436,Risk Averse,2,"[0.7, 1.0]"
351,1,0.8450367579458338,0.08507616698237777,1.3969838619232178e-09,0.7382765305608066,453924.894924081,-261725.17480981268,-0.23963369058054781,Risk Averse,2,"[0.7, 1.0]"
352,2,0.8450367579458338,0.08507616698237777,-3.2014213502407074e-09,0.7440253679511026,522261.4061140575,-265146.66806186864,-0.24837989005998617,Risk Averse,2,"[0.7, 1.0]"
353,3,0.8450367579458338,0.08507616698237777,2.0954757928848267e-09,0.7308937262075315,452744.19426026836,-328252.00165487337,-0.21722993539521235,Risk Averse,2,"[0.7, 1.0]"
354,4,0.8450367579458338,0.08507616698237777,-2.3283064365386963e-10,0.7037750207516353,371913.8704809771,-330382.13506912685,-0.29681107722117195,Risk Averse,2,"[0.7, 1.0]"
355,5,0.8450367579458338,0.08507616698237777,-1.1059455573558807e-09,0.700904219885029,376132.3242361245,-290219.92489884864,-0.3492745480362256,Risk Averse,2,"[0.7, 1.0]"
356,6,0.8450367579458338,0.08507616698237777,1.979060471057892e-09,0.6674863111254588,388308.4439359563,-305318.12033202103,-0.3963001321056692,Risk Averse,2,"[0.7, 1.0]"
357,7,0.8450367579458338,0.08507616698237777,9.546056389808655e-09,0.6498632816424041,304086.357542231,-311378.1452020738,-0.4349439876170365,Risk Averse,2,"[0.7, 1.0]"
358,8,0.8450367579458338,0.08507616698237777,-1.4784745872020721e-08,0.6384311452113696,304903.7150440073,-318563.20313341444,-0.4528072871627317,Risk Averse,2,"[0.7, 1.0]"
359,9,0.8450367579458338,0.08507616698237777,4.016328603029251e-09,0.6554358090809154,265339.86231001996,-298921.1322042295,-0.4774480172460284,Risk Averse,2,"[0.7, 1.0]"
360,10,0.8450367579458338,0.08507616698237777,-4.94765117764473e-09,0.6704098350707468,280238.702854396,-317892.02920354414,-0.5214806938887504,Risk Averse,2,"[0.7, 1.0]"
361,11,0.8450367579458338,0.08507616698237777,-5.820766091346741e-11,0.6521152216137467,294152.63806696254,-321996.5391937052,-0.4862232574513268,Risk Averse,2,"[0.7, 1.0]"
362,12,0.8450367579458338,0.08507616698237777,1.1641532182693481e-10,0.6439989013530725,270861.05622482236,-315694.0567982559,-0.42226205202573175,Risk Averse,2,"[0.7, 1.0]"
363,13,0.8450367579458338,0.08507616698237777,2.3283064365386963e-09,0.6649210879461658,302310.61375735304,-319871.16446519416,-0.42980261974401124,Risk Averse,2,"[0.7, 1.0]"
364,14,0.8450367579458338,0.08507616698237777,1.57160684466362e-09,0.6313287279324997,259948.9765812789,-305432.7762091823,-0.44806407936143394,Risk Averse,2,"[0.7, 1.0]"
365,15,0.8450367579458338,0.08507616698237777,-1.1059455573558807e-09,0.6374676198978391,266575.25440681056,-299194.29103212705,-0.47084828911134613,Risk Averse,2,"[0.7, 1.0]"
366,16,0.8450367579458338,0.08507616698237777,2.2118911147117615e-09,0.6531406092213494,282583.5808071442,-287911.8373375463,-0.4971494443979724,Risk Averse,2,"[0.7, 1.0]"
367,17,0.8450367579458338,0.08507616698237777,5.6461431086063385e-09,0.6437912817002933,293980.63478826993,-294765.86803202913,-0.4889568415726938,Risk Averse,2,"[0.7, 1.0]"
368,18,0.8450367579458338,0.08507616698237777,-2.0954757928848267e-09,0.6164151410276701,283248.9343634825,-297729.4614497195,-0.5447499255310527,Risk Averse,2,"[0.7, 1.0]"
369,19,0.8450367579458338,0.08507616698237777,5.238689482212067e-09,0.6513082365681209,266435.07852085767,-338143.7595346365,-0.5632421093340647,Risk Averse,2,"[0.7, 1.0]"
370,20,0.8450367579458338,0.08507616698237777,3.899913281202316e-09,0.6386039070708278,292957.30764690455,-260572.6931087747,-0.612273639263726,Risk Averse,2,"[0.7, 1.0]"
371,21,0.8450367579458338,0.08507616698237777,4.831235855817795e-09,0.6230563980401829,273011.9145670237,-285274.42555869004,-0.5873308570331017,Risk Averse,2,"[0.7, 1.0]"
372,22,0.8450367579458338,0.08507616698237777,5.005858838558197e-09,0.6126687522834979,331102.2080995911,-287440.1009061436,-0.6223375083557043,Risk Averse,2,"[0.7, 1.0]"
373,23,0.8450367579458338,0.08507616698237777,-6.984919309616089e-09,0.6401596441015471,294160.1199617193,-309383.0890155496,-0.6274665131401796,Risk Averse,2,"[0.7, 1.0]"
374,24,0.8450367579458338,0.08507616698237777,4.0745362639427185e-09,0.6351379494836318,269434.5067137851,-313456.6775029357,-0.5938673921149447,Risk Averse,2,"[0.7, 1.0]"
375,0,0.5270269841383306,0.2716113323694035,1.30385160446167e-08,0.7385145510893392,274835.5965226451,-204633.14688220122,-0.5317195505979461,Full Range,0,"[0.0, 1.0]"
376,1,0.5270269841383306,0.2716113323694035,-5.296897143125534e-09,0.72026935938694,305191.53708031034,-217659.39528451662,-0.5625967736981362,Full Range,0,"[0.0, 1.0]"
377,2,0.5270269841383306,0.2716113323694035,1.1146767064929008e-08,0.7146130035853615,312812.0339779523,-212720.98785962327,-0.6423345728409411,Full Range,0,"[0.0, 1.0]"
378,3,0.5270269841383306,0.2716113323694035,3.6670826375484467e-09,0.7198981595593477,281099.72810281214,-235803.12341525758,-0.6934240630224677,Full Range,0,"[0.0, 1.0]"
379,4,0.5270269841383306,0.2716113323694035,-1.57160684466362e-09,0.708276259252848,309842.29512101406,-247500.08440018105,-0.698375113677586,Full Range,0,"[0.0, 1.0]"
380,5,0.5270269841383306,0.2716113323694035,7.566995918750763e-10,0.6881980757717314,303213.73975065455,-215280.3550821847,-0.6912830936790286,Full Range,0,"[0.0, 1.0]"
381,6,0.5270269841383306,0.2716113323694035,-5.0640664994716644e-09,0.67902311361752,295490.4711870112,-226539.5965197083,-0.7015760347548633,Full Range,0,"[0.0, 1.0]"
382,7,0.5270269841383306,0.2716113323694035,2.5320332497358322e-09,0.6668399130773317,285233.1393573141,-253995.67461099417,-0.6545529549201269,Full Range,0,"[0.0, 1.0]"
383,8,0.5270269841383306,0.2716113323694035,4.0745362639427185e-09,0.6637991903714882,262697.28236137435,-269900.19008816074,-0.701487662016269,Full Range,0,"[0.0, 1.0]"
384,9,0.5270269841383306,0.2716113323694035,2.0139850676059723e-08,0.6805527604002153,295521.1150444738,-256562.07852470485,-0.6969655537919917,Full Range,0,"[0.0, 1.0]"
385,10,0.5270269841383306,0.2716113323694035,1.4813849702477455e-08,0.6908972656109973,301796.6348556989,-259285.75369701168,-0.6999226246918909,Full Range,0,"[0.0, 1.0]"
386,11,0.5270269841383306,0.2716113323694035,1.3300450518727303e-08,0.681353135566034,289321.516270806,-262358.4560521903,-0.7095714465005867,Full Range,0,"[0.0, 1.0]"
387,12,0.5270269841383306,0.2716113323694035,1.9848812371492386e-08,0.6646812761225582,305583.32853153534,-271048.83469057654,-0.7320230281928972,Full Range,0,"[0.0, 1.0]"
388,13,0.5270269841383306,0.2716113323694035,9.837094694375992e-09,0.633182763508702,297594.2948632094,-265434.7807072644,-0.75693960525211,Full Range,0,"[0.0, 1.0]"
389,14,0.5270269841383306,0.2716113323694035,7.683411240577698e-09,0.6365349129003837,333219.962389219,-237086.81077160913,-0.7658965751544089,Full Range,0,"[0.0, 1.0]"
390,15,0.5270269841383306,0.2716113323694035,3.026798367500305e-09,0.6479120047629412,308444.956379034,-223757.05016603126,-0.7613368234099576,Full Range,0,"[0.0, 1.0]"
391,16,0.5270269841383306,0.2716113323694035,-1.1408701539039612e-08,0.6298954733411537,284464.0218729308,-229008.55186087743,-0.7696091460288923,Full Range,0,"[0.0, 1.0]"
392,17,0.5270269841383306,0.2716113323694035,1.0477378964424133e-09,0.6417994067197803,301927.566151131,-241851.82965741976,-0.7747897913773222,Full Range,0,"[0.0, 1.0]"
393,18,0.5270269841383306,0.2716113323694035,1.0390067473053932e-08,0.6158255655047022,296947.3310958504,-269893.3671820765,-0.7490946385193369,Full Range,0,"[0.0, 1.0]"
394,19,0.5270269841383306,0.2716113323694035,1.3387762010097504e-08,0.6342466373937854,289809.10910090094,-263094.2412328809,-0.7510100639370337,Full Range,0,"[0.0, 1.0]"
395,20,0.5270269841383306,0.2716113323694035,1.4086253941059113e-08,0.6409967781912351,290520.1630021568,-261610.41582013492,-0.7364022317335369,Full Range,0,"[0.0, 1.0]"
396,21,0.5270269841383306,0.2716113323694035,3.2014213502407074e-09,0.6339850833323195,304061.03129948414,-272059.3990500294,-0.7542478442086412,Full Range,0,"[0.0, 1.0]"
397,22,0.5270269841383306,0.2716113323694035,9.342329576611519e-09,0.5951431671467029,266939.4394922038,-247016.57606295493,-0.7679887019061499,Full Range,0,"[0.0, 1.0]"
398,23,0.5270269841383306,0.2716113323694035,9.866198524832726e-09,0.6256551894312761,269330.2735733595,-242630.60055911943,-0.7798771905149405,Full Range,0,"[0.0, 1.0]"
399,24,0.5270269841383306,0.2716113323694035,6.51925802230835e-09,0.6272979102288405,309849.20445395657,-255122.8901530451,-0.7659148087390292,Full Range,0,"[0.0, 1.0]"
400,0,0.5287519824597415,0.2649535651442833,-4.918547347187996e-09,0.7571531721348961,400200.4584439727,-234014.0545658865,-0.32009775282313535,Full Range,1,"[0.0, 1.0]"
401,1,0.5287519824597415,0.2649535651442833,-2.852175384759903e-09,0.7188147127127285,328388.96747864736,-241175.68612087,-0.4582106254373807,Full Range,1,"[0.0, 1.0]"
402,2,0.5287519824597415,0.2649535651442833,-6.984919309616089e-09,0.664073812034381,352493.22837413714,-249358.36726626847,-0.4786720178666476,Full Range,1,"[0.0, 1.0]"
403,3,0.5287519824597415,0.2649535651442833,-3.958120942115784e-09,0.6528962017115827,295050.49494469794,-271437.5485278088,-0.5863381844537887,Full Range,1,"[0.0, 1.0]"
404,4,0.5287519824597415,0.2649535651442833,-7.334165275096893e-09,0.6261702904372763,247915.07638286497,-281601.47092129313,-0.6639157031463842,Full Range,1,"[0.0, 1.0]"
405,5,0.5287519824597415,0.2649535651442833,-1.4668330550193787e-08,0.6190355669037619,259386.48650208002,-292379.4058641808,-0.6782278556947766,Full Range,1,"[0.0, 1.0]"
406,6,0.5287519824597415,0.2649535651442833,-1.8451828509569168e-08,0.6053328983229098,266442.5715413439,-283901.9073364114,-0.7066618406878483,Full Range,1,"[0.0, 1.0]"
407,7,0.5287519824597415,0.2649535651442833,1.123407855629921e-08,0.6050887315286988,292142.21499346127,-290653.2130739305,-0.7165335059828494,Full Range,1,"[0.0, 1.0]"
408,8,0.5287519824597415,0.2649535651442833,7.8580342233181e-09,0.6100335555686245,290540.6703840106,-288448.27620343125,-0.7127981955514731,Full Range,1,"[0.0, 1.0]"
409,9,0.5287519824597415,0.2649535651442833,-5.238689482212067e-10,0.6180717966829286,257452.9792898741,-274833.1769454241,-0.7140570583570925,Full Range,1,"[0.0, 1.0]"
410,10,0.5287519824597415,0.2649535651442833,-1.1757947504520416e-08,0.5768728226359918,228357.22635238533,-279960.40182541474,-0.7036723245272537,Full Range,1,"[0.0, 1.0]"
411,11,0.5287519824597415,0.2649535651442833,-1.210719347000122e-08,0.5784347179489246,211650.57252256118,-279765.0473178196,-0.710633491797198,Full Range,1,"[0.0, 1.0]"
412,12,0.5287519824597415,0.2649535651442833,-2.0954757928848267e-09,0.5618461050398216,185697.45877220444,-299602.57407376036,-0.7525898967972047,Full Range,1,"[0.0, 1.0]"
413,13,0.5287519824597415,0.2649535651442833,5.238689482212067e-09,0.575091733465521,231020.37456862596,-292170.388738452,-0.7438914398411826,Full Range,1,"[0.0, 1.0]"
414,14,0.5287519824597415,0.2649535651442833,-5.820766091346741e-11,0.5924492682290139,193516.41307190727,-303678.3876656784,-0.7617007054042505,Full Range,1,"[0.0, 1.0]"
415,15,0.5287519824597415,0.2649535651442833,-1.414446160197258e-08,0.555680700948836,180988.4221293638,-304684.28692582325,-0.7470053540318375,Full Range,1,"[0.0, 1.0]"
416,16,0.5287519824597415,0.2649535651442833,3.0850060284137726e-09,0.5797947687437621,191146.47841733386,-328139.27001234394,-0.7486878022508874,Full Range,1,"[0.0, 1.0]"
417,17,0.5287519824597415,0.2649535651442833,-2.270098775625229e-09,0.5784333498083702,211174.00466793618,-320639.76936821855,-0.7403759728625069,Full Range,1,"[0.0, 1.0]"
418,18,0.5287519824597415,0.2649535651442833,-1.0943040251731873e-08,0.5647848688397921,169003.93205966798,-313795.3203552893,-0.7396128123693042,Full Range,1,"[0.0, 1.0]"
419,19,0.5287519824597415,0.2649535651442833,-5.587935447692871e-09,0.5530422028726834,184006.24857377718,-318907.7543061842,-0.7169613866305435,Full Range,1,"[0.0, 1.0]"
420,20,0.5287519824597415,0.2649535651442833,-1.9208528101444244e-08,0.5763273353742557,186973.51244854814,-294942.36512692616,-0.772709417307958,Full Range,1,"[0.0, 1.0]"
421,21,0.5287519824597415,0.2649535651442833,-2.1420419216156006e-08,0.5591202443970829,204908.13489792892,-285218.44494450605,-0.7479681935979868,Full Range,1,"[0.0, 1.0]"
422,22,0.5287519824597415,0.2649535651442833,-1.3504177331924438e-08,0.5784380521621919,218018.14118996216,-267346.3197346829,-0.7353711866544798,Full Range,1,"[0.0, 1.0]"
423,23,0.5287519824597415,0.2649535651442833,-4.132743924856186e-09,0.5662166720456738,163814.26470657857,-302335.02787261223,-0.7347543584304478,Full Range,1,"[0.0, 1.0]"
424,24,0.5287519824597415,0.2649535651442833,-3.14321368932724e-09,0.5438947904381959,204814.81041574088,-293987.2316456528,-0.7709500813901947,Full Range,1,"[0.0, 1.0]"
425,0,0.46754925485932475,0.2633210447549668,-8.265487849712372e-09,0.7155259272622987,333831.0840183685,-222586.0261398432,-0.38510958362748166,Full Range,2,"[0.0, 1.0]"
426,1,0.46754925485932475,0.2633210447549668,-8.149072527885437e-10,0.6942051816710426,395555.6475568804,-274701.23980472266,-0.5306915673931147,Full Range,2,"[0.0, 1.0]"
427,2,0.46754925485932475,0.2633210447549668,-5.238689482212067e-09,0.6874757791576749,348741.1447895146,-286479.98407655687,-0.5032812797277942,Full Range,2,"[0.0, 1.0]"
428,3,0.46754925485932475,0.2633210447549668,-5.587935447692871e-09,0.6871532848246042,371748.2651700114,-279250.8593722803,-0.5205725838499995,Full Range,2,"[0.0, 1.0]"
429,4,0.46754925485932475,0.2633210447549668,-1.280568540096283e-08,0.6663795899390947,339483.56445407745,-282964.59290122194,-0.5718139129149028,Full Range,2,"[0.0, 1.0]"
430,5,0.46754925485932475,0.2633210447549668,-4.831235855817795e-09,0.6784036049260285,303207.5387901978,-259559.4337252914,-0.5634576404903847,Full Range,2,"[0.0, 1.0]"
431,6,0.46754925485932475,0.2633210447549668,8.381903171539307e-09,0.6429701871239604,256337.46331557198,-255548.11679411057,-0.5966780562712742,Full Range,2,"[0.0, 1.0]"
432,7,0.46754925485932475,0.2633210447549668,-9.89530235528946e-10,0.6115408983600201,268469.7220985138,-252063.15270858764,-0.6791585851546983,Full Range,2,"[0.0, 1.0]"
433,8,0.46754925485932475,0.2633210447549668,1.234002411365509e-08,0.640726612706852,286977.1213903965,-277623.52205360786,-0.6749759370725819,Full Range,2,"[0.0, 1.0]"
434,9,0.46754925485932475,0.2633210447549668,1.3562384992837906e-08,0.6294539581442518,248762.20551611422,-274919.3635105835,-0.7177360085284429,Full Range,2,"[0.0, 1.0]"
435,10,0.46754925485932475,0.2633210447549668,7.101334631443024e-09,0.6010483084933749,259316.15268152553,-290451.8378613524,-0.7305292627553263,Full Range,2,"[0.0, 1.0]"
436,11,0.46754925485932475,0.2633210447549668,9.022187441587448e-09,0.5930098193509985,216350.3459788703,-287421.82595393015,-0.755219634412383,Full Range,2,"[0.0, 1.0]"
437,12,0.46754925485932475,0.2633210447549668,-5.820766091346741e-11,0.6152485254106028,260900.3859183191,-298291.2406388379,-0.7720349899000537,Full Range,2,"[0.0, 1.0]"
438,13,0.46754925485932475,0.2633210447549668,-9.255018085241318e-09,0.6207346783118863,242180.63107985584,-302845.5775219522,-0.7426113251260267,Full Range,2,"[0.0, 1.0]"
439,14,0.46754925485932475,0.2633210447549668,-1.1757947504520416e-08,0.6108326732791842,227866.47532530787,-292738.66726056463,-0.7715586232485383,Full Range,2,"[0.0, 1.0]"
440,15,0.46754925485932475,0.2633210447549668,-1.641456037759781e-08,0.6191903779466541,219841.83028968293,-301701.1887977583,-0.733354288946239,Full Range,2,"[0.0, 1.0]"
441,16,0.46754925485932475,0.2633210447549668,-8.614733815193176e-09,0.6722753177950984,253887.73799270255,-300764.1447156276,-0.7221420280412733,Full Range,2,"[0.0, 1.0]"
442,17,0.46754925485932475,0.2633210447549668,-1.979060471057892e-09,0.6673772075679862,225745.6919521705,-275842.45942942775,-0.7126362920311529,Full Range,2,"[0.0, 1.0]"
443,18,0.46754925485932475,0.2633210447549668,-4.94765117764473e-09,0.6473300394147639,192312.56585105378,-292321.0433948955,-0.7140098955821389,Full Range,2,"[0.0, 1.0]"
444,19,0.46754925485932475,0.2633210447549668,2.0954757928848267e-09,0.587428625197167,155489.5058801406,-297222.59985029313,-0.7021612265952594,Full Range,2,"[0.0, 1.0]"
445,20,0.46754925485932475,0.2633210447549668,-9.89530235528946e-10,0.5943118998413892,133405.28970217437,-301535.7462743198,-0.7475961732122989,Full Range,2,"[0.0, 1.0]"
446,21,0.46754925485932475,0.2633210447549668,2.270098775625229e-09,0.5932824862398782,147074.89881914936,-312555.8334504157,-0.7603000779282643,Full Range,2,"[0.0, 1.0]"
447,22,0.46754925485932475,0.2633210447549668,3.7834979593753815e-09,0.56564463811335,138007.43722775346,-316885.4097298455,-0.7647227925264397,Full Range,2,"[0.0, 1.0]"
448,23,0.46754925485932475,0.2633210447549668,2.3283064365386963e-09,0.5878716399567412,134077.6470784348,-309525.25281974,-0.751610991113166,Full Range,2,"[0.0, 1.0]"
449,24,0.46754925485932475,0.2633210447549668,1.2514647096395493e-08,0.6040230567276179,135678.37346779605,-306111.15299828677,-0.7410392588141639,Full Range,2,"[0.0, 1.0]"
