,scenario,replication,risk_aversion,wealth,ra_bounds
0,Risk Seeking,0,0.20962451232038057,17187.616017169916,"[0.0, 0.3]"
1,Risk Seeking,0,0.07449960355611963,16810.3895909454,"[0.0, 0.3]"
2,Risk Seeking,0,0.09770983415897362,-28063.926981009172,"[0.0, 0.3]"
3,Risk Seeking,0,0.13066466613118435,-1121.2785186004805,"[0.0, 0.3]"
4,Risk Seeking,0,0.13931920505005865,40733.43490391248,"[0.0, 0.3]"
5,Risk Seeking,0,0.026271199872687213,23958.135346673447,"[0.0, 0.3]"
6,Risk Seeking,0,0.27821689939637423,27930.604547560302,"[0.0, 0.3]"
7,Risk Seeking,0,0.29190351073107546,8097.329847406615,"[0.0, 0.3]"
8,Risk Seeking,0,0.036962282493971356,17497.306275750336,"[0.0, 0.3]"
9,Risk Seeking,0,0.29103944703178203,-4988.092617285929,"[0.0, 0.3]"
10,Risk Seeking,0,0.03272866583916045,-31182.32084457818,"[0.0, 0.3]"
11,Risk Seeking,0,0.1711858646611348,17967.90459754311,"[0.0, 0.3]"
12,Risk Seeking,0,0.10783310013378396,-5121.146098519603,"[0.0, 0.3]"
13,Risk Seeking,0,0.21008136658678436,1539.080830149338,"[0.0, 0.3]"
14,Risk Seeking,0,0.043713378172564994,-26299.686249060316,"[0.0, 0.3]"
15,Risk Seeking,0,0.06516240461659668,-8737.743409790593,"[0.0, 0.3]"
16,Risk Seeking,0,0.0839641012154479,14080.66028697638,"[0.0, 0.3]"
17,Risk Seeking,0,0.05372033180217878,-21364.420937416067,"[0.0, 0.3]"
18,Risk Seeking,0,0.024998753850715916,-19975.242847475925,"[0.0, 0.3]"
19,Risk Seeking,0,0.25522866451618065,-16935.667071291013,"[0.0, 0.3]"
20,Risk Seeking,0,0.1397848933369735,-3848.7484480306566,"[0.0, 0.3]"
21,Risk Seeking,0,0.06578541414377126,29177.03027438975,"[0.0, 0.3]"
22,Risk Seeking,0,0.11984387477474365,1181.1338649268978,"[0.0, 0.3]"
23,Risk Seeking,0,0.13856309668374978,-2619.4811690011848,"[0.0, 0.3]"
24,Risk Seeking,0,0.11630813748222753,-31154.705940667554,"[0.0, 0.3]"
25,Risk Seeking,0,0.05143736534371252,13137.493231593133,"[0.0, 0.3]"
26,Risk Seeking,0,0.2627367833270574,-3649.258872854754,"[0.0, 0.3]"
27,Risk Seeking,0,0.06176967327937444,-1954.3389238061177,"[0.0, 0.3]"
28,Risk Seeking,0,0.2901422660094071,-26776.323349541006,"[0.0, 0.3]"
29,Risk Seeking,0,0.26650204032386393,-12786.577836486002,"[0.0, 0.3]"
30,Risk Seeking,0,0.20068465974633926,13818.411083532103,"[0.0, 0.3]"
31,Risk Seeking,0,0.14300028757360275,-7095.374164934226,"[0.0, 0.3]"
32,Risk Seeking,0,0.09602728772700984,32395.62850152354,"[0.0, 0.3]"
33,Risk Seeking,0,0.07518728371084661,31260.27654351527,"[0.0, 0.3]"
34,Risk Seeking,0,0.2596090725309704,-16806.35067442454,"[0.0, 0.3]"
35,Risk Seeking,0,0.1975107837117518,6877.173722189414,"[0.0, 0.3]"
36,Risk Seeking,0,0.2988671223492377,14339.35505768974,"[0.0, 0.3]"
37,Risk Seeking,0,0.20373449013819153,10801.833527767012,"[0.0, 0.3]"
38,Risk Seeking,0,0.06914207272282552,-32562.77652615402,"[0.0, 0.3]"
39,Risk Seeking,0,0.0612879774666151,-51378.350530153955,"[0.0, 0.3]"
40,Risk Seeking,0,0.02608327074616773,23134.718600152934,"[0.0, 0.3]"
41,Risk Seeking,0,0.25394142953909193,59675.99199622145,"[0.0, 0.3]"
42,Risk Seeking,0,0.2367593313504982,-8374.485563747257,"[0.0, 0.3]"
43,Risk Seeking,0,0.10260043371296093,4758.577320279881,"[0.0, 0.3]"
44,Risk Seeking,0,0.004673531226510985,-16968.691027273708,"[0.0, 0.3]"
45,Risk Seeking,0,0.1366301830136336,46308.598488791555,"[0.0, 0.3]"
46,Risk Seeking,0,0.17843202025569696,13203.999563025225,"[0.0, 0.3]"
47,Risk Seeking,0,0.13254121364023788,11190.505824285996,"[0.0, 0.3]"
48,Risk Seeking,0,0.2695466312721588,5636.1481864031075,"[0.0, 0.3]"
49,Risk Seeking,0,0.2854107320026841,33871.891684001384,"[0.0, 0.3]"
50,Risk Seeking,0,0.17643488184087286,-1444.9598057475516,"[0.0, 0.3]"
51,Risk Seeking,0,0.2834221302248865,-7063.462816819239,"[0.0, 0.3]"
52,Risk Seeking,0,0.00873578210975573,-16359.233925162607,"[0.0, 0.3]"
53,Risk Seeking,0,0.1261450736452631,-9117.977747018807,"[0.0, 0.3]"
54,Risk Seeking,0,0.27795298936068236,-20277.11970565031,"[0.0, 0.3]"
55,Risk Seeking,0,0.11977062044004533,-29854.862946658977,"[0.0, 0.3]"
56,Risk Seeking,0,0.0811975888789991,3060.9012327417668,"[0.0, 0.3]"
57,Risk Seeking,0,0.09257683041527551,-13830.559546620265,"[0.0, 0.3]"
58,Risk Seeking,0,0.278030444647504,-11001.761894519106,"[0.0, 0.3]"
59,Risk Seeking,0,0.18762719752022552,-20350.082739699254,"[0.0, 0.3]"
60,Risk Seeking,0,0.1984732869772394,-26242.120530347045,"[0.0, 0.3]"
61,Risk Seeking,0,0.10646976388378299,10036.790420718571,"[0.0, 0.3]"
62,Risk Seeking,0,0.2951308411860135,-14013.419985827906,"[0.0, 0.3]"
63,Risk Seeking,0,0.07831610392904018,-348.37112165219173,"[0.0, 0.3]"
64,Risk Seeking,1,0.24352352926984908,12796.53926390043,"[0.0, 0.3]"
65,Risk Seeking,1,0.2525890549895309,-18294.37016209528,"[0.0, 0.3]"
66,Risk Seeking,1,0.14716173519968728,25806.932864678718,"[0.0, 0.3]"
67,Risk Seeking,1,0.18300920449986638,45072.3160842637,"[0.0, 0.3]"
68,Risk Seeking,1,0.16590301744524769,-93912.73158622348,"[0.0, 0.3]"
69,Risk Seeking,1,0.03787459225961457,-13936.185345614607,"[0.0, 0.3]"
70,Risk Seeking,1,0.1687427079879872,13931.456523599118,"[0.0, 0.3]"
71,Risk Seeking,1,0.17707840679795492,30119.449348036367,"[0.0, 0.3]"
72,Risk Seeking,1,0.027516988409386777,-28279.56273411059,"[0.0, 0.3]"
73,Risk Seeking,1,0.29372203825852655,678.2020475071768,"[0.0, 0.3]"
74,Risk Seeking,1,0.1355110199353379,-71351.94814065182,"[0.0, 0.3]"
75,Risk Seeking,1,0.19682232579718364,-83424.94077504259,"[0.0, 0.3]"
76,Risk Seeking,1,0.23173288704646375,30303.121335266624,"[0.0, 0.3]"
77,Risk Seeking,1,0.27494931872834344,-3898.570435453869,"[0.0, 0.3]"
78,Risk Seeking,1,0.22957342896872873,43602.20762010582,"[0.0, 0.3]"
79,Risk Seeking,1,0.1879240320162919,36793.22182218327,"[0.0, 0.3]"
80,Risk Seeking,1,0.22178541789027187,-30698.558713678416,"[0.0, 0.3]"
81,Risk Seeking,1,0.10038000998572988,-32844.63254301424,"[0.0, 0.3]"
82,Risk Seeking,1,0.2122192887011645,29853.73303218067,"[0.0, 0.3]"
83,Risk Seeking,1,0.15594288415604476,50201.34185736751,"[0.0, 0.3]"
84,Risk Seeking,1,0.07229337078870982,-1849.6903892523546,"[0.0, 0.3]"
85,Risk Seeking,1,0.13735186269111635,1125.8961063056304,"[0.0, 0.3]"
86,Risk Seeking,1,0.1639374770460728,30576.731496033142,"[0.0, 0.3]"
87,Risk Seeking,1,0.07855104704985809,8364.054106864176,"[0.0, 0.3]"
88,Risk Seeking,1,0.28421837298481206,8911.009903682152,"[0.0, 0.3]"
89,Risk Seeking,1,0.045341000959715085,1028.1061686441099,"[0.0, 0.3]"
90,Risk Seeking,1,0.20194460313535592,-41665.42049291176,"[0.0, 0.3]"
91,Risk Seeking,1,0.16165761647098906,36998.28528660044,"[0.0, 0.3]"
92,Risk Seeking,1,0.1471849536748538,-4678.717038602631,"[0.0, 0.3]"
93,Risk Seeking,1,0.19377384849090257,41053.11399282605,"[0.0, 0.3]"
94,Risk Seeking,1,0.179317221230978,-25518.143611339463,"[0.0, 0.3]"
95,Risk Seeking,1,0.11052279216535874,-63059.23574573832,"[0.0, 0.3]"
96,Risk Seeking,1,0.2035356357813551,17054.08171092416,"[0.0, 0.3]"
97,Risk Seeking,1,0.08838118252050707,8746.08359089907,"[0.0, 0.3]"
98,Risk Seeking,1,0.03062082463710539,-19247.691680448494,"[0.0, 0.3]"
99,Risk Seeking,1,0.12020988247333148,-3570.1943993281748,"[0.0, 0.3]"
100,Risk Seeking,1,0.0727517818487737,18408.989641197215,"[0.0, 0.3]"
101,Risk Seeking,1,0.19729509230947534,-8733.642803458375,"[0.0, 0.3]"
102,Risk Seeking,1,0.11153254033207963,11383.832653447322,"[0.0, 0.3]"
103,Risk Seeking,1,0.029285544280278186,46120.17176038983,"[0.0, 0.3]"
104,Risk Seeking,1,0.09633501059563565,1487.8144198287337,"[0.0, 0.3]"
105,Risk Seeking,1,0.035340019129933044,-23710.244335777577,"[0.0, 0.3]"
106,Risk Seeking,1,0.24028048520332923,-14149.227780793284,"[0.0, 0.3]"
107,Risk Seeking,1,0.05052300964455834,4368.596788878072,"[0.0, 0.3]"
108,Risk Seeking,1,0.28742269524588987,-39295.26900544767,"[0.0, 0.3]"
109,Risk Seeking,1,0.015064364180422151,-2880.6534141431384,"[0.0, 0.3]"
110,Risk Seeking,1,0.04296693231231195,-1179.2034128428495,"[0.0, 0.3]"
111,Risk Seeking,1,0.010092537022279713,767.4382001900065,"[0.0, 0.3]"
112,Risk Seeking,1,0.06429372039856131,-7479.559548289766,"[0.0, 0.3]"
113,Risk Seeking,1,0.18882383351597773,-1718.6298998377772,"[0.0, 0.3]"
114,Risk Seeking,1,0.14474330155349616,-37556.30116147395,"[0.0, 0.3]"
115,Risk Seeking,1,0.2881093455350257,23762.500815352192,"[0.0, 0.3]"
116,Risk Seeking,1,0.11433190685851032,40652.47885262449,"[0.0, 0.3]"
117,Risk Seeking,1,0.16756844537382157,-39678.36810384348,"[0.0, 0.3]"
118,Risk Seeking,1,0.25762091539716736,13080.028226263676,"[0.0, 0.3]"
119,Risk Seeking,1,0.03005308819414666,-5288.962821121591,"[0.0, 0.3]"
120,Risk Seeking,1,0.05890282364681747,24336.38509334579,"[0.0, 0.3]"
121,Risk Seeking,1,0.23101124816897103,15837.571097485214,"[0.0, 0.3]"
122,Risk Seeking,1,0.04607464150882754,-23170.337363540923,"[0.0, 0.3]"
123,Risk Seeking,1,0.07498804862845065,87903.37496267505,"[0.0, 0.3]"
124,Risk Seeking,1,0.1218101245634321,47875.37051656863,"[0.0, 0.3]"
125,Risk Seeking,1,0.24304571244502585,5481.911695140522,"[0.0, 0.3]"
126,Risk Seeking,1,0.22076370244192714,-56585.34194671166,"[0.0, 0.3]"
127,Risk Seeking,1,0.017101013077940683,-16826.01349446464,"[0.0, 0.3]"
128,Risk Seeking,2,0.2512863763652428,26194.388619762743,"[0.0, 0.3]"
129,Risk Seeking,2,0.12806306043215196,-1185.6037992565164,"[0.0, 0.3]"
130,Risk Seeking,2,0.2730901018569331,14036.018742698805,"[0.0, 0.3]"
131,Risk Seeking,2,0.12517651987170644,15510.804901220647,"[0.0, 0.3]"
132,Risk Seeking,2,0.26280062075377986,-18457.35979145311,"[0.0, 0.3]"
133,Risk Seeking,2,0.029871143496234175,2918.4650077550905,"[0.0, 0.3]"
134,Risk Seeking,2,0.1962714527193479,-31941.113509703733,"[0.0, 0.3]"
135,Risk Seeking,2,0.19917955312615823,28826.60380914328,"[0.0, 0.3]"
136,Risk Seeking,2,0.08265690429973759,30518.78303148839,"[0.0, 0.3]"
137,Risk Seeking,2,0.26276071536912693,21289.71683355762,"[0.0, 0.3]"
138,Risk Seeking,2,0.16327324519385444,4311.069555966308,"[0.0, 0.3]"
139,Risk Seeking,2,0.19221522921126752,5318.015216667307,"[0.0, 0.3]"
140,Risk Seeking,2,0.24525712881483946,-9750.797054932176,"[0.0, 0.3]"
141,Risk Seeking,2,0.16391595656741134,17263.922184604424,"[0.0, 0.3]"
142,Risk Seeking,2,0.19756596461143458,7971.402799205724,"[0.0, 0.3]"
143,Risk Seeking,2,0.07796975974457139,14373.705702760957,"[0.0, 0.3]"
144,Risk Seeking,2,0.037734280913344784,37594.50025222061,"[0.0, 0.3]"
145,Risk Seeking,2,0.08431381151862745,-7607.896971516457,"[0.0, 0.3]"
146,Risk Seeking,2,0.2700899655610769,-23707.856004174493,"[0.0, 0.3]"
147,Risk Seeking,2,0.025846059343429293,7392.621541205095,"[0.0, 0.3]"
148,Risk Seeking,2,0.0038850926090906344,41829.991402512394,"[0.0, 0.3]"
149,Risk Seeking,2,0.1434556939201356,42685.50486436639,"[0.0, 0.3]"
150,Risk Seeking,2,0.11757643653699129,-44725.05018656475,"[0.0, 0.3]"
151,Risk Seeking,2,0.04840721624063494,34642.334339737565,"[0.0, 0.3]"
152,Risk Seeking,2,0.17328232651345782,-8725.555356924058,"[0.0, 0.3]"
153,Risk Seeking,2,0.06277840098969854,-481.48223320231773,"[0.0, 0.3]"
154,Risk Seeking,2,0.10843268606594418,10520.669503401894,"[0.0, 0.3]"
155,Risk Seeking,2,0.24814249633401428,-7951.106610018343,"[0.0, 0.3]"
156,Risk Seeking,2,0.11335268873958854,-74895.28187511819,"[0.0, 0.3]"
157,Risk Seeking,2,0.2200036918861489,-9590.62607854166,"[0.0, 0.3]"
158,Risk Seeking,2,0.1332994397842631,-15374.599805028844,"[0.0, 0.3]"
159,Risk Seeking,2,0.2525912140354666,18661.178119139855,"[0.0, 0.3]"
160,Risk Seeking,2,0.28533572822121345,-10728.042767644523,"[0.0, 0.3]"
161,Risk Seeking,2,0.14808045825874938,-17998.00719304038,"[0.0, 0.3]"
162,Risk Seeking,2,0.10948265736128178,22191.05901447074,"[0.0, 0.3]"
163,Risk Seeking,2,0.031056499255037028,-19759.83492395308,"[0.0, 0.3]"
164,Risk Seeking,2,0.02092619217321361,27122.043489860673,"[0.0, 0.3]"
165,Risk Seeking,2,0.12590549254790362,13074.644933541145,"[0.0, 0.3]"
166,Risk Seeking,2,0.12553209402668264,34156.46127071457,"[0.0, 0.3]"
167,Risk Seeking,2,0.176418398053203,-28671.07057415771,"[0.0, 0.3]"
168,Risk Seeking,2,0.13822695255074918,5559.06514433613,"[0.0, 0.3]"
169,Risk Seeking,2,0.23063314322799885,-41552.11519456867,"[0.0, 0.3]"
170,Risk Seeking,2,0.2705735405671129,14103.594028659461,"[0.0, 0.3]"
171,Risk Seeking,2,0.10788792269287086,22667.82253638553,"[0.0, 0.3]"
172,Risk Seeking,2,0.14396177301517923,15460.72499676942,"[0.0, 0.3]"
173,Risk Seeking,2,0.05591024459180311,11299.729039679922,"[0.0, 0.3]"
174,Risk Seeking,2,0.26090549932988866,-71107.1371464787,"[0.0, 0.3]"
175,Risk Seeking,2,0.15264088974318996,1597.2369753208266,"[0.0, 0.3]"
176,Risk Seeking,2,0.2919216905874781,-37026.77853980605,"[0.0, 0.3]"
177,Risk Seeking,2,0.185246700566117,1175.8335722593183,"[0.0, 0.3]"
178,Risk Seeking,2,0.23991246947284525,-13654.201443823347,"[0.0, 0.3]"
179,Risk Seeking,2,0.1378913468150528,-23671.941408251805,"[0.0, 0.3]"
180,Risk Seeking,2,0.11802506736734036,3000.8221893020313,"[0.0, 0.3]"
181,Risk Seeking,2,0.019460252944816146,-10819.34630365292,"[0.0, 0.3]"
182,Risk Seeking,2,0.13452889947602142,35623.977098533884,"[0.0, 0.3]"
183,Risk Seeking,2,0.243148966576187,-30102.495086971016,"[0.0, 0.3]"
184,Risk Seeking,2,0.25380025663483385,45295.20403691003,"[0.0, 0.3]"
185,Risk Seeking,2,0.05207608648631807,-4903.155893312583,"[0.0, 0.3]"
186,Risk Seeking,2,0.15158966550531697,-28294.256424197447,"[0.0, 0.3]"
187,Risk Seeking,2,0.27944621913055784,19890.690410143594,"[0.0, 0.3]"
188,Risk Seeking,2,0.00741638678507559,-13513.534965288502,"[0.0, 0.3]"
189,Risk Seeking,2,0.11929156144497993,-39504.647323366946,"[0.0, 0.3]"
190,Risk Seeking,2,0.1784430351538037,15842.622224260926,"[0.0, 0.3]"
191,Risk Seeking,2,0.2223293807751373,-24220.33292360105,"[0.0, 0.3]"
192,Mixed Low,0,0.06600505213272562,13924.631255949527,"[0.0, 0.5]"
193,Mixed Low,0,0.38140363537722255,-48417.2334564892,"[0.0, 0.5]"
194,Mixed Low,0,0.0011537867835846871,-39689.792393618525,"[0.0, 0.5]"
195,Mixed Low,0,0.08878132834782942,-37748.44379845431,"[0.0, 0.5]"
196,Mixed Low,0,0.3750343541046846,-2677.0432976469124,"[0.0, 0.5]"
197,Mixed Low,0,0.4125627171793252,23925.60783867353,"[0.0, 0.5]"
198,Mixed Low,0,0.19612476589693756,40735.79959253856,"[0.0, 0.5]"
199,Mixed Low,0,0.47232293557789096,-4373.153418215703,"[0.0, 0.5]"
200,Mixed Low,0,0.1342672061658719,8750.924905178757,"[0.0, 0.5]"
201,Mixed Low,0,0.039886428192764445,-4631.992171494179,"[0.0, 0.5]"
202,Mixed Low,0,0.32317818268870796,26493.633101694664,"[0.0, 0.5]"
203,Mixed Low,0,0.29261586333746176,8370.551722586353,"[0.0, 0.5]"
204,Mixed Low,0,0.18891310225189328,10005.54294834417,"[0.0, 0.5]"
205,Mixed Low,0,0.45353088826742366,-7288.148910364645,"[0.0, 0.5]"
206,Mixed Low,0,0.474063155493536,-5525.886586257693,"[0.0, 0.5]"
207,Mixed Low,0,0.321730718770174,-10273.632579244775,"[0.0, 0.5]"
208,Mixed Low,0,0.19110392948578575,-18374.596194061625,"[0.0, 0.5]"
209,Mixed Low,0,0.14406944673313637,-46212.18469818144,"[0.0, 0.5]"
210,Mixed Low,0,0.47072137233895534,31209.380899868433,"[0.0, 0.5]"
211,Mixed Low,0,0.3392692454636673,-10632.966901636368,"[0.0, 0.5]"
212,Mixed Low,0,0.1747838290987394,302.6871588835347,"[0.0, 0.5]"
213,Mixed Low,0,0.25459874585315445,-17861.62621133637,"[0.0, 0.5]"
214,Mixed Low,0,0.1324056319858451,-10900.151118749905,"[0.0, 0.5]"
215,Mixed Low,0,0.22208010409994366,11287.148967925483,"[0.0, 0.5]"
216,Mixed Low,0,0.023378745384745492,-151.88100279115224,"[0.0, 0.5]"
217,Mixed Low,0,0.05636235598456257,14458.262474560337,"[0.0, 0.5]"
218,Mixed Low,0,0.21140821866433596,-6928.81651930722,"[0.0, 0.5]"
219,Mixed Low,0,0.18803479104033338,19892.312660784435,"[0.0, 0.5]"
220,Mixed Low,0,0.13759855000756088,-16436.834561945623,"[0.0, 0.5]"
221,Mixed Low,0,0.45253534120297156,22904.847321496447,"[0.0, 0.5]"
222,Mixed Low,0,0.149319188128878,-8760.807792944006,"[0.0, 0.5]"
223,Mixed Low,0,0.2622063110846637,-13854.206256483869,"[0.0, 0.5]"
224,Mixed Low,0,0.4995423369948505,-28130.82325479627,"[0.0, 0.5]"
225,Mixed Low,0,0.4692868855039566,13408.71412470701,"[0.0, 0.5]"
226,Mixed Low,0,0.16342254364563852,5826.506118366851,"[0.0, 0.5]"
227,Mixed Low,0,0.17617656503607243,11962.62188258153,"[0.0, 0.5]"
228,Mixed Low,0,0.3121545949668927,4423.563982276059,"[0.0, 0.5]"
229,Mixed Low,0,0.13923147310990763,39437.026636067065,"[0.0, 0.5]"
230,Mixed Low,0,0.40454988517792817,42974.04219745713,"[0.0, 0.5]"
231,Mixed Low,0,0.46769564152504667,-45586.846513088734,"[0.0, 0.5]"
232,Mixed Low,0,0.05484908113810494,-16838.65443263485,"[0.0, 0.5]"
233,Mixed Low,0,0.05631059713971587,24231.6004172853,"[0.0, 0.5]"
234,Mixed Low,0,0.17266598913235964,13422.918779466305,"[0.0, 0.5]"
235,Mixed Low,0,0.38239475580340593,-5278.061742255595,"[0.0, 0.5]"
236,Mixed Low,0,0.0821558035588228,-4550.591882910376,"[0.0, 0.5]"
237,Mixed Low,0,0.40572637629509006,22408.616692817723,"[0.0, 0.5]"
238,Mixed Low,0,0.39371884999470674,440.32535226040795,"[0.0, 0.5]"
239,Mixed Low,0,0.3999423002734109,-2207.1266365766774,"[0.0, 0.5]"
240,Mixed Low,0,0.09836968979411181,-21845.527853494918,"[0.0, 0.5]"
241,Mixed Low,0,0.335317011453615,1583.1359107640455,"[0.0, 0.5]"
242,Mixed Low,0,0.008852939071030574,-358.5463650386955,"[0.0, 0.5]"
243,Mixed Low,0,0.37632064980154384,-26993.07922839131,"[0.0, 0.5]"
244,Mixed Low,0,0.22248906965864246,25806.44844031288,"[0.0, 0.5]"
245,Mixed Low,0,0.1270420855273926,3983.2538883791226,"[0.0, 0.5]"
246,Mixed Low,0,0.4473653595209035,-21964.196585816277,"[0.0, 0.5]"
247,Mixed Low,0,0.284328680524444,22213.76167563416,"[0.0, 0.5]"
248,Mixed Low,0,0.15111511431021712,27107.96066449439,"[0.0, 0.5]"
249,Mixed Low,0,0.2437329710271523,-9286.056009094522,"[0.0, 0.5]"
250,Mixed Low,0,0.4306236240426,20730.07598514702,"[0.0, 0.5]"
251,Mixed Low,0,0.411683629599466,19824.299580360064,"[0.0, 0.5]"
252,Mixed Low,0,0.4046559633409046,-4613.045814607991,"[0.0, 0.5]"
253,Mixed Low,0,0.34470854235312615,-8898.75645279471,"[0.0, 0.5]"
254,Mixed Low,0,0.18024484230183002,-7935.564453014857,"[0.0, 0.5]"
255,Mixed Low,0,0.47320704884346226,-16819.92808312889,"[0.0, 0.5]"
256,Mixed Low,1,0.15980159437444352,28458.22393654888,"[0.0, 0.5]"
257,Mixed Low,1,0.2149444892068068,24307.534544083996,"[0.0, 0.5]"
258,Mixed Low,1,0.40098320871915016,-55396.65252705088,"[0.0, 0.5]"
259,Mixed Low,1,0.16420869468418497,-4362.156387813986,"[0.0, 0.5]"
260,Mixed Low,1,0.3764436900499235,-1755.3666837363417,"[0.0, 0.5]"
261,Mixed Low,1,0.3955383763369358,-4319.793461724374,"[0.0, 0.5]"
262,Mixed Low,1,0.47237608996430425,-2768.4493583832154,"[0.0, 0.5]"
263,Mixed Low,1,0.3713400978065988,15414.210494963889,"[0.0, 0.5]"
264,Mixed Low,1,0.2921806768662891,28539.798049547164,"[0.0, 0.5]"
265,Mixed Low,1,0.17895426798595027,30998.921477824628,"[0.0, 0.5]"
266,Mixed Low,1,0.27129026329744405,25265.728443111002,"[0.0, 0.5]"
267,Mixed Low,1,0.09223596702459458,21037.574360308616,"[0.0, 0.5]"
268,Mixed Low,1,0.38339695797299167,-25342.206606835753,"[0.0, 0.5]"
269,Mixed Low,1,0.1478510393960717,-8865.146776187525,"[0.0, 0.5]"
270,Mixed Low,1,0.2417853189326712,23928.797754151645,"[0.0, 0.5]"
271,Mixed Low,1,0.21086330233402073,-17924.591503261257,"[0.0, 0.5]"
272,Mixed Low,1,0.24688696433772495,17841.248765691853,"[0.0, 0.5]"
273,Mixed Low,1,0.3027037140303347,28256.92199836499,"[0.0, 0.5]"
274,Mixed Low,1,0.1272803465327716,36799.89141070025,"[0.0, 0.5]"
275,Mixed Low,1,0.2889534029009839,-20654.325420745037,"[0.0, 0.5]"
276,Mixed Low,1,0.31628579496672066,-31090.340785173255,"[0.0, 0.5]"
277,Mixed Low,1,0.1724613547511702,-25398.168718521054,"[0.0, 0.5]"
278,Mixed Low,1,0.17981864908810802,6562.414226594177,"[0.0, 0.5]"
279,Mixed Low,1,0.06065762471286368,7709.890145877662,"[0.0, 0.5]"
280,Mixed Low,1,0.16584246306232675,-897.5065337582014,"[0.0, 0.5]"
281,Mixed Low,1,0.312842720381875,-62904.65702212911,"[0.0, 0.5]"
282,Mixed Low,1,0.06227507786664549,-7428.79954090988,"[0.0, 0.5]"
283,Mixed Low,1,0.3838051730623169,-18561.417723505077,"[0.0, 0.5]"
284,Mixed Low,1,0.2396180269859955,-19630.69172390037,"[0.0, 0.5]"
285,Mixed Low,1,0.3291773952921223,1167.0915791882785,"[0.0, 0.5]"
286,Mixed Low,1,0.4158835891234186,558.2114600030109,"[0.0, 0.5]"
287,Mixed Low,1,0.34702553747075565,-9738.046945827853,"[0.0, 0.5]"
288,Mixed Low,1,0.155599083203057,26789.819136713108,"[0.0, 0.5]"
289,Mixed Low,1,0.17102095460012495,1150.4267547663649,"[0.0, 0.5]"
290,Mixed Low,1,0.028020553035661366,6264.527954763349,"[0.0, 0.5]"
291,Mixed Low,1,0.2290183334043882,45874.94640632214,"[0.0, 0.5]"
292,Mixed Low,1,0.3643962414528789,-28430.61866325669,"[0.0, 0.5]"
293,Mixed Low,1,0.0319566560747076,-9991.894805328106,"[0.0, 0.5]"
294,Mixed Low,1,0.45919347612592487,43761.57119028577,"[0.0, 0.5]"
295,Mixed Low,1,0.21228273297834999,36854.087824510694,"[0.0, 0.5]"
296,Mixed Low,1,0.4923192938181774,-56916.66455196039,"[0.0, 0.5]"
297,Mixed Low,1,0.13558103413183936,36862.289682612514,"[0.0, 0.5]"
298,Mixed Low,1,0.1933857062269898,28161.364317549578,"[0.0, 0.5]"
299,Mixed Low,1,0.38966929957630697,4900.319464978762,"[0.0, 0.5]"
300,Mixed Low,1,0.4364647086758541,-18826.85896980096,"[0.0, 0.5]"
301,Mixed Low,1,0.17066625658795131,14119.662893268403,"[0.0, 0.5]"
302,Mixed Low,1,0.08353162219802934,-34541.847029889424,"[0.0, 0.5]"
303,Mixed Low,1,0.022078421913764856,59053.66703576708,"[0.0, 0.5]"
304,Mixed Low,1,0.2620930328896779,-16290.208773989025,"[0.0, 0.5]"
305,Mixed Low,1,0.1478100254657735,19254.983276065817,"[0.0, 0.5]"
306,Mixed Low,1,0.004504877937101193,11570.803420794284,"[0.0, 0.5]"
307,Mixed Low,1,0.2311306021485836,39696.67098164522,"[0.0, 0.5]"
308,Mixed Low,1,0.44743245701276757,24442.45826977225,"[0.0, 0.5]"
309,Mixed Low,1,0.4810511976889917,-37799.935119466856,"[0.0, 0.5]"
310,Mixed Low,1,0.39824069539752865,-100903.99362138263,"[0.0, 0.5]"
311,Mixed Low,1,0.35073556822884633,27993.83891678205,"[0.0, 0.5]"
312,Mixed Low,1,0.03604324387901975,3168.8701990655136,"[0.0, 0.5]"
313,Mixed Low,1,0.1275751492685478,-40728.21754366392,"[0.0, 0.5]"
314,Mixed Low,1,0.4444379333939529,-17950.330238385868,"[0.0, 0.5]"
315,Mixed Low,1,0.4230264467618982,-20457.0563036754,"[0.0, 0.5]"
316,Mixed Low,1,0.34835071680140645,-1124.1104752233805,"[0.0, 0.5]"
317,Mixed Low,1,0.20532394783948404,8104.702580257668,"[0.0, 0.5]"
318,Mixed Low,1,0.2103246383091979,-4995.027920622262,"[0.0, 0.5]"
319,Mixed Low,1,0.3126654012813959,-28876.387216776126,"[0.0, 0.5]"
320,Mixed Low,2,0.4364120142535634,-7015.728092626625,"[0.0, 0.5]"
321,Mixed Low,2,0.1131390989176495,-7526.082280352086,"[0.0, 0.5]"
322,Mixed Low,2,0.3045584659993866,-7532.37832496161,"[0.0, 0.5]"
323,Mixed Low,2,0.4108407758414296,10125.673665086011,"[0.0, 0.5]"
324,Mixed Low,2,0.4700796692079375,-22476.896411652255,"[0.0, 0.5]"
325,Mixed Low,2,0.48720685501080735,-8532.746072469468,"[0.0, 0.5]"
326,Mixed Low,2,0.06530091902427987,3848.2715492282296,"[0.0, 0.5]"
327,Mixed Low,2,0.49527481771019033,-50692.2591173399,"[0.0, 0.5]"
328,Mixed Low,2,0.2750786713137153,15990.774204770383,"[0.0, 0.5]"
329,Mixed Low,2,0.47758641444619926,6107.302245570696,"[0.0, 0.5]"
330,Mixed Low,2,0.2167227298464336,-48294.46506255584,"[0.0, 0.5]"
331,Mixed Low,2,0.3752999710789331,9175.437265236676,"[0.0, 0.5]"
332,Mixed Low,2,0.18264361146914482,9990.878707295533,"[0.0, 0.5]"
333,Mixed Low,2,0.23222018835783165,30604.91460568804,"[0.0, 0.5]"
334,Mixed Low,2,0.2587640912855095,20975.046597244043,"[0.0, 0.5]"
335,Mixed Low,2,0.40908760501659946,39437.66728923103,"[0.0, 0.5]"
336,Mixed Low,2,0.24507096748406987,25785.766000469946,"[0.0, 0.5]"
337,Mixed Low,2,0.17673689986413943,6066.818398486212,"[0.0, 0.5]"
338,Mixed Low,2,0.4558435807197237,9113.626016234844,"[0.0, 0.5]"
339,Mixed Low,2,0.29968870031822503,12246.674521356297,"[0.0, 0.5]"
340,Mixed Low,2,0.4345585161386729,57.42437966620483,"[0.0, 0.5]"
341,Mixed Low,2,0.44435432818771703,-60058.05394633548,"[0.0, 0.5]"
342,Mixed Low,2,0.15111344306447816,1691.3866041664733,"[0.0, 0.5]"
343,Mixed Low,2,0.08372625799216898,-42337.83349107867,"[0.0, 0.5]"
344,Mixed Low,2,0.29608741533411503,13714.336663352165,"[0.0, 0.5]"
345,Mixed Low,2,0.15725799932458967,-5110.436011329759,"[0.0, 0.5]"
346,Mixed Low,2,0.07517654480172131,5595.409474984084,"[0.0, 0.5]"
347,Mixed Low,2,0.2899819595273625,3119.050284178886,"[0.0, 0.5]"
348,Mixed Low,2,0.009637969708109262,-150.19551697859544,"[0.0, 0.5]"
349,Mixed Low,2,0.4236447247431895,-23436.7021070381,"[0.0, 0.5]"
350,Mixed Low,2,0.42119521606505084,-5422.3237436155705,"[0.0, 0.5]"
351,Mixed Low,2,0.2038687346200257,18510.55745023684,"[0.0, 0.5]"
352,Mixed Low,2,0.3021937181309086,-23176.04190214006,"[0.0, 0.5]"
353,Mixed Low,2,0.45512937030897843,6381.470069697345,"[0.0, 0.5]"
354,Mixed Low,2,0.11750323845327226,35914.525099678714,"[0.0, 0.5]"
355,Mixed Low,2,0.2497576594299714,16775.214106195825,"[0.0, 0.5]"
356,Mixed Low,2,0.07012423131978768,3071.31784041164,"[0.0, 0.5]"
357,Mixed Low,2,0.1999248969507434,24477.554666892145,"[0.0, 0.5]"
358,Mixed Low,2,0.13788443595275524,4266.036145817736,"[0.0, 0.5]"
359,Mixed Low,2,0.24394840001661577,22580.08853415714,"[0.0, 0.5]"
360,Mixed Low,2,0.13776881151948595,-5242.280912489592,"[0.0, 0.5]"
361,Mixed Low,2,0.15445940048059503,-2980.171027883659,"[0.0, 0.5]"
362,Mixed Low,2,0.2274266141433221,15941.886966961885,"[0.0, 0.5]"
363,Mixed Low,2,0.4097507351502802,-52029.63004565467,"[0.0, 0.5]"
364,Mixed Low,2,0.28319934444004147,11328.577997209233,"[0.0, 0.5]"
365,Mixed Low,2,0.21790030674645477,19305.165512404943,"[0.0, 0.5]"
366,Mixed Low,2,0.2232884803666515,8390.609085902513,"[0.0, 0.5]"
367,Mixed Low,2,0.07749257261147668,-2711.92615007877,"[0.0, 0.5]"
368,Mixed Low,2,0.2804745285145732,30977.17862436952,"[0.0, 0.5]"
369,Mixed Low,2,0.3561398193093744,16573.557241312377,"[0.0, 0.5]"
370,Mixed Low,2,0.3316355107663549,20280.250614721033,"[0.0, 0.5]"
371,Mixed Low,2,0.4477526216803647,-59210.607541371704,"[0.0, 0.5]"
372,Mixed Low,2,0.12674948689997328,38334.06781017695,"[0.0, 0.5]"
373,Mixed Low,2,0.16410090102375474,22483.172213797036,"[0.0, 0.5]"
374,Mixed Low,2,0.25252212936513774,4831.407129998694,"[0.0, 0.5]"
375,Mixed Low,2,0.47493687764350984,8104.6888577603295,"[0.0, 0.5]"
376,Mixed Low,2,0.2571702487768533,-19197.084462401363,"[0.0, 0.5]"
377,Mixed Low,2,0.21441827080730852,-51638.140114338385,"[0.0, 0.5]"
378,Mixed Low,2,0.4043916973788449,22391.83090467065,"[0.0, 0.5]"
379,Mixed Low,2,0.18478775196747854,18241.19788875011,"[0.0, 0.5]"
380,Mixed Low,2,0.06577924111512029,-7541.842441459392,"[0.0, 0.5]"
381,Mixed Low,2,0.173595292450543,-39474.95353868402,"[0.0, 0.5]"
382,Mixed Low,2,0.20122027179700908,5798.233442286747,"[0.0, 0.5]"
383,Mixed Low,2,0.1157003766637788,-46816.26836081472,"[0.0, 0.5]"
384,Balanced,0,0.6328578024965965,-26962.929278916956,"[0.2, 0.8]"
385,Balanced,0,0.29146548551401735,73362.68351755624,"[0.2, 0.8]"
386,Balanced,0,0.4934294251422022,32638.38504806551,"[0.2, 0.8]"
387,Balanced,0,0.4643514054683341,-62988.84866133804,"[0.2, 0.8]"
388,Balanced,0,0.7782957682046254,-117290.71017835208,"[0.2, 0.8]"
389,Balanced,0,0.45318768131464476,76402.62481103037,"[0.2, 0.8]"
390,Balanced,0,0.7657754737982638,-180597.5858632161,"[0.2, 0.8]"
391,Balanced,0,0.3449409585674328,40229.87091924329,"[0.2, 0.8]"
392,Balanced,0,0.3999404884732205,3136.7897152412697,"[0.2, 0.8]"
393,Balanced,0,0.4140554738465022,24743.355431599142,"[0.2, 0.8]"
394,Balanced,0,0.5980654404663317,-25251.633548559534,"[0.2, 0.8]"
395,Balanced,0,0.3544017255221745,289.3463579570557,"[0.2, 0.8]"
396,Balanced,0,0.4788003868598799,11697.696845206821,"[0.2, 0.8]"
397,Balanced,0,0.7036245787109019,-94167.0804849285,"[0.2, 0.8]"
398,Balanced,0,0.24341650615598126,69790.34342370722,"[0.2, 0.8]"
399,Balanced,0,0.2747767441455574,65650.9269507977,"[0.2, 0.8]"
400,Balanced,0,0.22580396102165112,11798.59319341171,"[0.2, 0.8]"
401,Balanced,0,0.3908797604724237,-26923.73165770533,"[0.2, 0.8]"
402,Balanced,0,0.3611539456678575,92083.39003074585,"[0.2, 0.8]"
403,Balanced,0,0.20742122428066023,-7152.7976673877565,"[0.2, 0.8]"
404,Balanced,0,0.36331551622022124,38620.277994157805,"[0.2, 0.8]"
405,Balanced,0,0.5351215145797139,45246.90213911263,"[0.2, 0.8]"
406,Balanced,0,0.43193316928112463,-45035.55117275179,"[0.2, 0.8]"
407,Balanced,0,0.35101004887252835,16605.725037653832,"[0.2, 0.8]"
408,Balanced,0,0.3870304526828545,-56811.20387648993,"[0.2, 0.8]"
409,Balanced,0,0.6798502023274593,-69626.93381735409,"[0.2, 0.8]"
410,Balanced,0,0.5806250871531488,2188.792231970845,"[0.2, 0.8]"
411,Balanced,0,0.47545615606770336,-54342.98895299373,"[0.2, 0.8]"
412,Balanced,0,0.5375212372513278,24813.511492192112,"[0.2, 0.8]"
413,Balanced,0,0.43191303807758247,-3503.4254563642407,"[0.2, 0.8]"
414,Balanced,0,0.4355311349015686,53677.68513912572,"[0.2, 0.8]"
415,Balanced,0,0.44557958093664407,40362.16756207686,"[0.2, 0.8]"
416,Balanced,0,0.37082759619767025,31641.11541594722,"[0.2, 0.8]"
417,Balanced,0,0.5924159079954543,5326.401125253833,"[0.2, 0.8]"
418,Balanced,0,0.7281218753586323,25289.928737079277,"[0.2, 0.8]"
419,Balanced,0,0.5564627714247284,-24734.62363777848,"[0.2, 0.8]"
420,Balanced,0,0.2519545466968775,8704.132598698037,"[0.2, 0.8]"
421,Balanced,0,0.44948529875284,-94853.47476738764,"[0.2, 0.8]"
422,Balanced,0,0.3690276855644673,-5612.595511193037,"[0.2, 0.8]"
423,Balanced,0,0.43490416894733064,20522.754776227775,"[0.2, 0.8]"
424,Balanced,0,0.2326338506928384,28303.419201839795,"[0.2, 0.8]"
425,Balanced,0,0.5570966604476109,-13722.885075872575,"[0.2, 0.8]"
426,Balanced,0,0.5527518022279844,-13974.269302583547,"[0.2, 0.8]"
427,Balanced,0,0.5681980659423884,1396.4483837465623,"[0.2, 0.8]"
428,Balanced,0,0.2778206635449082,34611.57245388761,"[0.2, 0.8]"
429,Balanced,0,0.28198441122465406,78619.68767765364,"[0.2, 0.8]"
430,Balanced,0,0.24216192051980662,7367.133317102091,"[0.2, 0.8]"
431,Balanced,0,0.7927102850339864,-178859.96494167572,"[0.2, 0.8]"
432,Balanced,0,0.6802558139069677,-58653.63177168952,"[0.2, 0.8]"
433,Balanced,0,0.6819077775760418,45473.725573790696,"[0.2, 0.8]"
434,Balanced,0,0.28259880482525124,11037.898351665179,"[0.2, 0.8]"
435,Balanced,0,0.5281973232369039,34245.74097583383,"[0.2, 0.8]"
436,Balanced,0,0.5943519951760446,47125.61193386287,"[0.2, 0.8]"
437,Balanced,0,0.3839841746940794,71512.60328204525,"[0.2, 0.8]"
438,Balanced,0,0.3695886883034967,25047.99336462045,"[0.2, 0.8]"
439,Balanced,0,0.47661878558487936,48976.062972855165,"[0.2, 0.8]"
440,Balanced,0,0.6414889325617472,-28080.59817153653,"[0.2, 0.8]"
441,Balanced,0,0.34099782343087526,9314.27448295922,"[0.2, 0.8]"
442,Balanced,0,0.46335414173500145,-45708.38518617354,"[0.2, 0.8]"
443,Balanced,0,0.2479046231028267,78246.93743330348,"[0.2, 0.8]"
444,Balanced,0,0.6525877297976423,33581.44859550127,"[0.2, 0.8]"
445,Balanced,0,0.22939754387244923,70603.54903667151,"[0.2, 0.8]"
446,Balanced,0,0.7813506115013726,-201698.61667716815,"[0.2, 0.8]"
447,Balanced,0,0.6909703156865337,-3733.041871974742,"[0.2, 0.8]"
448,Balanced,1,0.6012023757279287,-28811.582546581936,"[0.2, 0.8]"
449,Balanced,1,0.7086708443469376,-98060.02002000717,"[0.2, 0.8]"
450,Balanced,1,0.47092916830558645,127266.00768636109,"[0.2, 0.8]"
451,Balanced,1,0.6778331018139185,-82530.20827253781,"[0.2, 0.8]"
452,Balanced,1,0.4612269316216039,32791.388093722904,"[0.2, 0.8]"
453,Balanced,1,0.5850870609616532,-53438.94142630419,"[0.2, 0.8]"
454,Balanced,1,0.5343912866793494,34624.844239089645,"[0.2, 0.8]"
455,Balanced,1,0.4691878151369365,19415.03270883174,"[0.2, 0.8]"
456,Balanced,1,0.4766121138250428,87571.84050617517,"[0.2, 0.8]"
457,Balanced,1,0.7288928286285561,-80705.37326575622,"[0.2, 0.8]"
458,Balanced,1,0.59939914153654,-14416.566915800635,"[0.2, 0.8]"
459,Balanced,1,0.5833230615129884,-77177.45774915317,"[0.2, 0.8]"
460,Balanced,1,0.3750947352633103,82779.1235450111,"[0.2, 0.8]"
461,Balanced,1,0.5871946420362677,88209.98371800837,"[0.2, 0.8]"
462,Balanced,1,0.25700758623068864,6519.236733502568,"[0.2, 0.8]"
463,Balanced,1,0.4727857088307128,28371.378307367882,"[0.2, 0.8]"
464,Balanced,1,0.5380461459054137,-65668.39011614428,"[0.2, 0.8]"
465,Balanced,1,0.2189194446509779,42027.50532789933,"[0.2, 0.8]"
466,Balanced,1,0.5366061714394406,10994.438522491233,"[0.2, 0.8]"
467,Balanced,1,0.3554101760415753,42392.084486451036,"[0.2, 0.8]"
468,Balanced,1,0.6917886456312978,-171075.3535260377,"[0.2, 0.8]"
469,Balanced,1,0.7400165627799653,6349.935754350492,"[0.2, 0.8]"
470,Balanced,1,0.7106023555913552,-100066.47852759965,"[0.2, 0.8]"
471,Balanced,1,0.30633720586694985,40898.405543253575,"[0.2, 0.8]"
472,Balanced,1,0.7932935141999382,-95526.96809359563,"[0.2, 0.8]"
473,Balanced,1,0.5670861422869555,-47775.71774927217,"[0.2, 0.8]"
474,Balanced,1,0.4952494843835521,-19075.442415315683,"[0.2, 0.8]"
475,Balanced,1,0.23385771177569986,39799.040066109796,"[0.2, 0.8]"
476,Balanced,1,0.3401626426190228,40428.18728533172,"[0.2, 0.8]"
477,Balanced,1,0.5262536458792283,-92565.75759237331,"[0.2, 0.8]"
478,Balanced,1,0.4298324972427007,112490.24557148847,"[0.2, 0.8]"
479,Balanced,1,0.4755973846128509,15023.783231411398,"[0.2, 0.8]"
480,Balanced,1,0.5087877381891688,76896.08719759007,"[0.2, 0.8]"
481,Balanced,1,0.683756560327512,-13967.792648822448,"[0.2, 0.8]"
482,Balanced,1,0.5120065327223159,65157.13739260338,"[0.2, 0.8]"
483,Balanced,1,0.7366974228893932,24077.66145072091,"[0.2, 0.8]"
484,Balanced,1,0.49092608833458307,-26329.475553669,"[0.2, 0.8]"
485,Balanced,1,0.7729871501487751,-187260.5277481121,"[0.2, 0.8]"
486,Balanced,1,0.5312505997614101,49886.138362067075,"[0.2, 0.8]"
487,Balanced,1,0.307623492930016,74515.23851796554,"[0.2, 0.8]"
488,Balanced,1,0.447168899622153,90536.19590461606,"[0.2, 0.8]"
489,Balanced,1,0.4768488590898195,-53565.392079642115,"[0.2, 0.8]"
490,Balanced,1,0.6003838090031911,-10474.426050060845,"[0.2, 0.8]"
491,Balanced,1,0.582910350743326,18455.029441231505,"[0.2, 0.8]"
492,Balanced,1,0.611406013433808,-718.4213462008775,"[0.2, 0.8]"
493,Balanced,1,0.7867820657091791,-91113.34350141637,"[0.2, 0.8]"
494,Balanced,1,0.20825440465721187,40837.500538163455,"[0.2, 0.8]"
495,Balanced,1,0.3309221520010583,35590.08621346448,"[0.2, 0.8]"
496,Balanced,1,0.5236523792452925,8438.273831080929,"[0.2, 0.8]"
497,Balanced,1,0.6972180012411915,-43114.92905218857,"[0.2, 0.8]"
498,Balanced,1,0.24160675241136947,62264.2305745919,"[0.2, 0.8]"
499,Balanced,1,0.4026582679467438,44964.57394077758,"[0.2, 0.8]"
500,Balanced,1,0.3612857945725716,34029.184960216764,"[0.2, 0.8]"
501,Balanced,1,0.7200113706189408,43204.18362120944,"[0.2, 0.8]"
502,Balanced,1,0.6169286380646719,-45597.2350736528,"[0.2, 0.8]"
503,Balanced,1,0.36072667753236165,-4467.542746532767,"[0.2, 0.8]"
504,Balanced,1,0.6542275918155986,-78854.89643829325,"[0.2, 0.8]"
505,Balanced,1,0.7120948487901415,57570.90636563576,"[0.2, 0.8]"
506,Balanced,1,0.48025980716175665,38872.738217497514,"[0.2, 0.8]"
507,Balanced,1,0.3360043592871205,-26806.562066680228,"[0.2, 0.8]"
508,Balanced,1,0.3599191132826983,34204.81562455447,"[0.2, 0.8]"
509,Balanced,1,0.7746505646332928,-107397.29094655561,"[0.2, 0.8]"
510,Balanced,1,0.45992854973999137,16405.417615396393,"[0.2, 0.8]"
511,Balanced,1,0.459758426509933,42704.23237206851,"[0.2, 0.8]"
512,Balanced,2,0.3145746519958486,25678.815299081078,"[0.2, 0.8]"
513,Balanced,2,0.5565225588726564,-71736.86747571608,"[0.2, 0.8]"
514,Balanced,2,0.7643077989224503,-17538.86804870809,"[0.2, 0.8]"
515,Balanced,2,0.5136971003810256,79870.47841669599,"[0.2, 0.8]"
516,Balanced,2,0.6854255623243648,-53142.011987395104,"[0.2, 0.8]"
517,Balanced,2,0.45981859234288047,33994.61566747405,"[0.2, 0.8]"
518,Balanced,2,0.659183830527845,14791.88415666352,"[0.2, 0.8]"
519,Balanced,2,0.23377881002069134,12778.976019297224,"[0.2, 0.8]"
520,Balanced,2,0.4024849493347295,-16688.21653542432,"[0.2, 0.8]"
521,Balanced,2,0.20941659711536584,26567.025775647646,"[0.2, 0.8]"
522,Balanced,2,0.6529211104381497,1324.0629980893277,"[0.2, 0.8]"
523,Balanced,2,0.7416288822991552,-15538.99526253572,"[0.2, 0.8]"
524,Balanced,2,0.47991445614140676,63401.36539729036,"[0.2, 0.8]"
525,Balanced,2,0.20478273094113378,32851.08635973955,"[0.2, 0.8]"
526,Balanced,2,0.5417569040079735,-3553.7173511180013,"[0.2, 0.8]"
527,Balanced,2,0.27087946048004735,-3486.854645644087,"[0.2, 0.8]"
528,Balanced,2,0.2529341088547434,59606.19071968543,"[0.2, 0.8]"
529,Balanced,2,0.3016479029101128,32209.957869983817,"[0.2, 0.8]"
530,Balanced,2,0.246904104958135,16224.87762614102,"[0.2, 0.8]"
531,Balanced,2,0.629000570185891,14189.883576479433,"[0.2, 0.8]"
532,Balanced,2,0.7975612667112553,-121738.27715948955,"[0.2, 0.8]"
533,Balanced,2,0.6970302610790706,4391.865124417837,"[0.2, 0.8]"
534,Balanced,2,0.45023107067392987,28242.589584332585,"[0.2, 0.8]"
535,Balanced,2,0.30972015745197373,15052.19928754463,"[0.2, 0.8]"
536,Balanced,2,0.3117901781579572,3062.8537980675464,"[0.2, 0.8]"
537,Balanced,2,0.5652226682529855,-15523.705064085305,"[0.2, 0.8]"
538,Balanced,2,0.6466988182907949,-16388.239718204706,"[0.2, 0.8]"
539,Balanced,2,0.6767395062981619,-81476.81420107803,"[0.2, 0.8]"
540,Balanced,2,0.20703705965280905,43439.7815326983,"[0.2, 0.8]"
541,Balanced,2,0.7302153566863026,-45433.58615528418,"[0.2, 0.8]"
542,Balanced,2,0.7839384537581238,-41821.94108378666,"[0.2, 0.8]"
543,Balanced,2,0.6898613611780573,-8359.189122167158,"[0.2, 0.8]"
544,Balanced,2,0.45618697086931465,29346.475953690766,"[0.2, 0.8]"
545,Balanced,2,0.33920354501016214,28000.99632146224,"[0.2, 0.8]"
546,Balanced,2,0.5020592738282168,18803.875248103584,"[0.2, 0.8]"
547,Balanced,2,0.7985378916771009,-131722.70019660488,"[0.2, 0.8]"
548,Balanced,2,0.2593084717959639,43534.36919709399,"[0.2, 0.8]"
549,Balanced,2,0.6194654609559027,-56396.993089332485,"[0.2, 0.8]"
550,Balanced,2,0.7342477147976145,87977.51129491629,"[0.2, 0.8]"
551,Balanced,2,0.4954816645214402,54593.64553709767,"[0.2, 0.8]"
552,Balanced,2,0.42636177085716986,71602.98639832612,"[0.2, 0.8]"
553,Balanced,2,0.6754339246492201,47580.016657888744,"[0.2, 0.8]"
554,Balanced,2,0.6543661429533201,73698.07338668122,"[0.2, 0.8]"
555,Balanced,2,0.6761508097025865,-26026.29134926072,"[0.2, 0.8]"
556,Balanced,2,0.49732646943376574,24977.118003321815,"[0.2, 0.8]"
557,Balanced,2,0.6736333648629762,25254.418219545845,"[0.2, 0.8]"
558,Balanced,2,0.6780009810757142,54463.106355376185,"[0.2, 0.8]"
559,Balanced,2,0.4270063605888368,18886.844074388115,"[0.2, 0.8]"
560,Balanced,2,0.7680928563841001,-134524.25411316135,"[0.2, 0.8]"
561,Balanced,2,0.38722884469274876,86218.2738271915,"[0.2, 0.8]"
562,Balanced,2,0.7818664801742337,-151993.8284351494,"[0.2, 0.8]"
563,Balanced,2,0.6290049450960143,3299.67040599757,"[0.2, 0.8]"
564,Balanced,2,0.5982950362971201,12107.879710215464,"[0.2, 0.8]"
565,Balanced,2,0.21875314095009363,41137.51853280119,"[0.2, 0.8]"
566,Balanced,2,0.7807205368067334,-54564.34079118423,"[0.2, 0.8]"
567,Balanced,2,0.7382774153278973,-99735.6151763091,"[0.2, 0.8]"
568,Balanced,2,0.28368632827075735,29397.437220945223,"[0.2, 0.8]"
569,Balanced,2,0.5282012224453669,19225.27150515355,"[0.2, 0.8]"
570,Balanced,2,0.7606121072995762,-109423.59998018068,"[0.2, 0.8]"
571,Balanced,2,0.3041804013679598,2274.266109644694,"[0.2, 0.8]"
572,Balanced,2,0.5274929068824872,-31078.940208484957,"[0.2, 0.8]"
573,Balanced,2,0.46407775866011014,8277.531042568226,"[0.2, 0.8]"
574,Balanced,2,0.36745522700096145,-7838.327164245231,"[0.2, 0.8]"
575,Balanced,2,0.41712286137405513,27396.380102816394,"[0.2, 0.8]"
576,Mixed High,0,0.7777945353492232,-31136.892865633454,"[0.5, 1.0]"
577,Mixed High,0,0.806002309715947,29616.052212015733,"[0.5, 1.0]"
578,Mixed High,0,0.8751506620727858,-55533.98972589882,"[0.5, 1.0]"
579,Mixed High,0,0.9578312208914752,-294230.8045828881,"[0.5, 1.0]"
580,Mixed High,0,0.578099790089142,80938.72822335776,"[0.5, 1.0]"
581,Mixed High,0,0.7609567173364771,76200.8647708128,"[0.5, 1.0]"
582,Mixed High,0,0.7318587052778429,-28437.375224970034,"[0.5, 1.0]"
583,Mixed High,0,0.7965106271305832,-211341.4015636397,"[0.5, 1.0]"
584,Mixed High,0,0.6528156746890328,58325.916609422566,"[0.5, 1.0]"
585,Mixed High,0,0.9671173272385707,-76001.52584763546,"[0.5, 1.0]"
586,Mixed High,0,0.8386283323444478,51267.53380148982,"[0.5, 1.0]"
587,Mixed High,0,0.8200500581115758,-85476.57438583163,"[0.5, 1.0]"
588,Mixed High,0,0.6925617494058353,93990.65744773924,"[0.5, 1.0]"
589,Mixed High,0,0.8819279776389202,-294763.19328501925,"[0.5, 1.0]"
590,Mixed High,0,0.6405096388689682,-78331.65614411578,"[0.5, 1.0]"
591,Mixed High,0,0.5456507079111517,77617.47772814913,"[0.5, 1.0]"
592,Mixed High,0,0.8840608049334082,22953.683286904245,"[0.5, 1.0]"
593,Mixed High,0,0.7844711960312818,106064.31257150267,"[0.5, 1.0]"
594,Mixed High,0,0.7701448506904663,52665.928083854924,"[0.5, 1.0]"
595,Mixed High,0,0.9978974266132432,-227908.61937996285,"[0.5, 1.0]"
596,Mixed High,0,0.5179628433284416,132266.4137471787,"[0.5, 1.0]"
597,Mixed High,0,0.7095584453572106,44417.537286499515,"[0.5, 1.0]"
598,Mixed High,0,0.5886893985080444,67781.36644155231,"[0.5, 1.0]"
599,Mixed High,0,0.7901987237556611,88628.81747953815,"[0.5, 1.0]"
600,Mixed High,0,0.9835718268984681,-212851.1793801259,"[0.5, 1.0]"
601,Mixed High,0,0.7376815408919556,114502.40042414432,"[0.5, 1.0]"
602,Mixed High,0,0.9638532015349519,-203083.90230898524,"[0.5, 1.0]"
603,Mixed High,0,0.7888201569260982,214218.97595886682,"[0.5, 1.0]"
604,Mixed High,0,0.8714706388291893,191598.7331751918,"[0.5, 1.0]"
605,Mixed High,0,0.6614655260743815,147619.1149089897,"[0.5, 1.0]"
606,Mixed High,0,0.9024825251458013,-262653.2052837265,"[0.5, 1.0]"
607,Mixed High,0,0.8594742270042469,-180082.95424928403,"[0.5, 1.0]"
608,Mixed High,0,0.6256790706775694,127439.92097817219,"[0.5, 1.0]"
609,Mixed High,0,0.8011003740372987,-109727.5415088906,"[0.5, 1.0]"
610,Mixed High,0,0.7376631477959892,216899.70328302524,"[0.5, 1.0]"
611,Mixed High,0,0.9953343109854436,-274802.3056794553,"[0.5, 1.0]"
612,Mixed High,0,0.9549848417645577,-360428.6585403668,"[0.5, 1.0]"
613,Mixed High,0,0.5458140807338641,238364.42008901964,"[0.5, 1.0]"
614,Mixed High,0,0.5638264189554449,99624.90340779706,"[0.5, 1.0]"
615,Mixed High,0,0.670772070350798,214116.0129152545,"[0.5, 1.0]"
616,Mixed High,0,0.8734689243076339,-194005.126704779,"[0.5, 1.0]"
617,Mixed High,0,0.7801321994866841,95151.51670486065,"[0.5, 1.0]"
618,Mixed High,0,0.6136340436866803,199231.36468185115,"[0.5, 1.0]"
619,Mixed High,0,0.9556997988588694,-269586.4009167162,"[0.5, 1.0]"
620,Mixed High,0,0.923074262940283,-178833.7666775764,"[0.5, 1.0]"
621,Mixed High,0,0.8636027103925535,-239230.73705447488,"[0.5, 1.0]"
622,Mixed High,0,0.5804611244283782,93500.07989242808,"[0.5, 1.0]"
623,Mixed High,0,0.5824659097904598,140916.11204144263,"[0.5, 1.0]"
624,Mixed High,0,0.6268785283268099,-11959.706743914696,"[0.5, 1.0]"
625,Mixed High,0,0.6783860547561693,77607.78698458005,"[0.5, 1.0]"
626,Mixed High,0,0.8974202055866479,-102216.64550253245,"[0.5, 1.0]"
627,Mixed High,0,0.7266662536610404,94708.97577064064,"[0.5, 1.0]"
628,Mixed High,0,0.6172843593959209,206623.0695018744,"[0.5, 1.0]"
629,Mixed High,0,0.5428925689982328,89064.07664756816,"[0.5, 1.0]"
630,Mixed High,0,0.9939607857757928,-336922.808613136,"[0.5, 1.0]"
631,Mixed High,0,0.5263485702923687,70582.77043645637,"[0.5, 1.0]"
632,Mixed High,0,0.6610524277505675,-14028.631415031618,"[0.5, 1.0]"
633,Mixed High,0,0.6738982142399859,64842.736932103,"[0.5, 1.0]"
634,Mixed High,0,0.5728441465186889,82421.2548730465,"[0.5, 1.0]"
635,Mixed High,0,0.6920191238382329,45832.66757680674,"[0.5, 1.0]"
636,Mixed High,0,0.6514026534961994,132819.18335688362,"[0.5, 1.0]"
637,Mixed High,0,0.5153796594794494,232032.66095475343,"[0.5, 1.0]"
638,Mixed High,0,0.7485508376690364,87158.86082717733,"[0.5, 1.0]"
639,Mixed High,0,0.6846942705793235,73963.01157164315,"[0.5, 1.0]"
640,Mixed High,1,0.6462232131056209,-69212.36037160645,"[0.5, 1.0]"
641,Mixed High,1,0.8876263502612907,78446.60471119346,"[0.5, 1.0]"
642,Mixed High,1,0.7030981136647103,60630.452773873985,"[0.5, 1.0]"
643,Mixed High,1,0.61027654304711,37671.54364447997,"[0.5, 1.0]"
644,Mixed High,1,0.8067540544341196,-168208.19139609265,"[0.5, 1.0]"
645,Mixed High,1,0.5489984842298836,-25096.939373805784,"[0.5, 1.0]"
646,Mixed High,1,0.5931199278835401,167264.1085201919,"[0.5, 1.0]"
647,Mixed High,1,0.5286170957953626,65948.66371108496,"[0.5, 1.0]"
648,Mixed High,1,0.6942906217194085,63293.694547706735,"[0.5, 1.0]"
649,Mixed High,1,0.8035191281682268,-112309.19484274738,"[0.5, 1.0]"
650,Mixed High,1,0.9124033864222434,-266375.3879547644,"[0.5, 1.0]"
651,Mixed High,1,0.5981568960274335,101690.62722149746,"[0.5, 1.0]"
652,Mixed High,1,0.6861286849431288,79609.75963453505,"[0.5, 1.0]"
653,Mixed High,1,0.5649188993979259,31528.278200374647,"[0.5, 1.0]"
654,Mixed High,1,0.9946453501634722,-324243.21668076736,"[0.5, 1.0]"
655,Mixed High,1,0.6357390928671447,138047.53226646752,"[0.5, 1.0]"
656,Mixed High,1,0.9348562652703067,-161180.81343192668,"[0.5, 1.0]"
657,Mixed High,1,0.5515193514168557,101068.3856576964,"[0.5, 1.0]"
658,Mixed High,1,0.65298279674301,-55220.07647083312,"[0.5, 1.0]"
659,Mixed High,1,0.5381080459810146,153306.84940312576,"[0.5, 1.0]"
660,Mixed High,1,0.9637005517868003,-291750.60578884714,"[0.5, 1.0]"
661,Mixed High,1,0.7677085432887283,-31875.317221829002,"[0.5, 1.0]"
662,Mixed High,1,0.8368609874186695,-154325.5753862199,"[0.5, 1.0]"
663,Mixed High,1,0.5796116873268886,182549.32502536324,"[0.5, 1.0]"
664,Mixed High,1,0.8402404969566777,-16485.352178699606,"[0.5, 1.0]"
665,Mixed High,1,0.6500581547742044,156328.78030687838,"[0.5, 1.0]"
666,Mixed High,1,0.6594269011346582,176429.00478360232,"[0.5, 1.0]"
667,Mixed High,1,0.7231791808330021,149497.1816233742,"[0.5, 1.0]"
668,Mixed High,1,0.9991589772917304,-327040.12401454605,"[0.5, 1.0]"
669,Mixed High,1,0.6755867768186816,182464.9383044101,"[0.5, 1.0]"
670,Mixed High,1,0.5868489363370947,158905.9632829403,"[0.5, 1.0]"
671,Mixed High,1,0.5645104780228383,157013.2548008217,"[0.5, 1.0]"
672,Mixed High,1,0.8968805448021016,-105861.0249064872,"[0.5, 1.0]"
673,Mixed High,1,0.9323830075870707,-233663.94460976036,"[0.5, 1.0]"
674,Mixed High,1,0.51367256234087,155694.85966223883,"[0.5, 1.0]"
675,Mixed High,1,0.8263472488256974,-69253.09086062334,"[0.5, 1.0]"
676,Mixed High,1,0.5364072273525458,219579.76171646625,"[0.5, 1.0]"
677,Mixed High,1,0.5287992088606835,184265.83722873984,"[0.5, 1.0]"
678,Mixed High,1,0.9296170369266958,-250570.0492157067,"[0.5, 1.0]"
679,Mixed High,1,0.857780293531051,-90666.93895143704,"[0.5, 1.0]"
680,Mixed High,1,0.9335377259280315,109341.05639512162,"[0.5, 1.0]"
681,Mixed High,1,0.5464075926729799,185961.34987857842,"[0.5, 1.0]"
682,Mixed High,1,0.824259906743187,-170593.94154900807,"[0.5, 1.0]"
683,Mixed High,1,0.813168057497021,66122.09993274604,"[0.5, 1.0]"
684,Mixed High,1,0.9315607670250902,-79179.34022608741,"[0.5, 1.0]"
685,Mixed High,1,0.9692483319268748,-300038.68560644303,"[0.5, 1.0]"
686,Mixed High,1,0.5682251802556731,99044.2264051251,"[0.5, 1.0]"
687,Mixed High,1,0.8750674629568045,-99943.78561637599,"[0.5, 1.0]"
688,Mixed High,1,0.7922211728560142,-120860.2912796597,"[0.5, 1.0]"
689,Mixed High,1,0.8871014042342217,-253191.090053971,"[0.5, 1.0]"
690,Mixed High,1,0.5738034126721164,127317.32926513941,"[0.5, 1.0]"
691,Mixed High,1,0.6362001417570627,195736.2956108287,"[0.5, 1.0]"
692,Mixed High,1,0.9639149593278478,-198694.44633170305,"[0.5, 1.0]"
693,Mixed High,1,0.6452368823953237,107593.85619344385,"[0.5, 1.0]"
694,Mixed High,1,0.6100801231578201,71718.04446702143,"[0.5, 1.0]"
695,Mixed High,1,0.5640875661957082,86845.36334237533,"[0.5, 1.0]"
696,Mixed High,1,0.6719891738783021,34312.92370912298,"[0.5, 1.0]"
697,Mixed High,1,0.8451792686564017,72439.59260886585,"[0.5, 1.0]"
698,Mixed High,1,0.9959255916228716,-149490.5400631956,"[0.5, 1.0]"
699,Mixed High,1,0.760488996420246,101516.76121713735,"[0.5, 1.0]"
700,Mixed High,1,0.9139684949663947,-38029.971402954805,"[0.5, 1.0]"
701,Mixed High,1,0.840217304525114,100209.79974604702,"[0.5, 1.0]"
702,Mixed High,1,0.5731685594547077,71324.98854455922,"[0.5, 1.0]"
703,Mixed High,1,0.633095576707402,-67358.79855709278,"[0.5, 1.0]"
704,Mixed High,2,0.9660592808403525,-227783.65631914043,"[0.5, 1.0]"
705,Mixed High,2,0.8436239879703743,-92903.72892255276,"[0.5, 1.0]"
706,Mixed High,2,0.7363500357996008,-1261.0823349383622,"[0.5, 1.0]"
707,Mixed High,2,0.676935915088094,102641.9218509405,"[0.5, 1.0]"
708,Mixed High,2,0.6198184566583087,179671.67726160723,"[0.5, 1.0]"
709,Mixed High,2,0.9310000653514368,-93209.28995080567,"[0.5, 1.0]"
710,Mixed High,2,0.9479161188349505,-99139.81897568182,"[0.5, 1.0]"
711,Mixed High,2,0.543216680027686,173928.0983695301,"[0.5, 1.0]"
712,Mixed High,2,0.7153141202220842,49858.6143213645,"[0.5, 1.0]"
713,Mixed High,2,0.583285079076003,56361.72963231927,"[0.5, 1.0]"
714,Mixed High,2,0.7822005588090637,37518.98264850818,"[0.5, 1.0]"
715,Mixed High,2,0.6143088997162403,57473.750108435896,"[0.5, 1.0]"
716,Mixed High,2,0.5628347923595522,52957.536657197736,"[0.5, 1.0]"
717,Mixed High,2,0.5829235927687678,45237.6080747816,"[0.5, 1.0]"
718,Mixed High,2,0.6536914895274198,57887.66539722887,"[0.5, 1.0]"
719,Mixed High,2,0.9877264261674585,-211345.3499543509,"[0.5, 1.0]"
720,Mixed High,2,0.603331428603853,49556.13780157978,"[0.5, 1.0]"
721,Mixed High,2,0.8105289419200388,-86249.43344854779,"[0.5, 1.0]"
722,Mixed High,2,0.6917073734172068,60171.79402406996,"[0.5, 1.0]"
723,Mixed High,2,0.5058187252267,85272.00106777373,"[0.5, 1.0]"
724,Mixed High,2,0.7831410445015284,-58764.16363256195,"[0.5, 1.0]"
725,Mixed High,2,0.5381831712543341,27032.313542549986,"[0.5, 1.0]"
726,Mixed High,2,0.8633607951742378,-68612.91784673171,"[0.5, 1.0]"
727,Mixed High,2,0.6455106504509557,23675.66172978793,"[0.5, 1.0]"
728,Mixed High,2,0.8910149235452346,-178090.48416998578,"[0.5, 1.0]"
729,Mixed High,2,0.822620223339908,52262.60245597147,"[0.5, 1.0]"
730,Mixed High,2,0.6892667988222836,85919.9284493374,"[0.5, 1.0]"
731,Mixed High,2,0.9908359027309694,-157873.0690939049,"[0.5, 1.0]"
732,Mixed High,2,0.7004905382779861,121256.41097187663,"[0.5, 1.0]"
733,Mixed High,2,0.8981037074978415,-182689.81404224117,"[0.5, 1.0]"
734,Mixed High,2,0.8684906900479465,26632.70496364864,"[0.5, 1.0]"
735,Mixed High,2,0.7485135044435409,73814.051008039,"[0.5, 1.0]"
736,Mixed High,2,0.6406063104588633,-195877.73999366624,"[0.5, 1.0]"
737,Mixed High,2,0.9257250520812048,-125665.59330192007,"[0.5, 1.0]"
738,Mixed High,2,0.9501262736889804,-150583.07261558273,"[0.5, 1.0]"
739,Mixed High,2,0.8076816322636724,-13630.167797494638,"[0.5, 1.0]"
740,Mixed High,2,0.6909337800195803,89474.58122804086,"[0.5, 1.0]"
741,Mixed High,2,0.5160834396782576,73088.4302546302,"[0.5, 1.0]"
742,Mixed High,2,0.9258904248685151,134931.19559355502,"[0.5, 1.0]"
743,Mixed High,2,0.9360948897025958,108931.8599350786,"[0.5, 1.0]"
744,Mixed High,2,0.5032241000831881,254850.00756988558,"[0.5, 1.0]"
745,Mixed High,2,0.9787521529342365,-63048.94345093784,"[0.5, 1.0]"
746,Mixed High,2,0.8044389593808147,471.0452671662242,"[0.5, 1.0]"
747,Mixed High,2,0.6135883141225038,112681.9094765509,"[0.5, 1.0]"
748,Mixed High,2,0.9183206789303942,-255301.70661616614,"[0.5, 1.0]"
749,Mixed High,2,0.524809647086038,45146.376555764495,"[0.5, 1.0]"
750,Mixed High,2,0.882506725403807,-38584.2779384146,"[0.5, 1.0]"
751,Mixed High,2,0.9377836430385211,127940.78394574586,"[0.5, 1.0]"
752,Mixed High,2,0.6334636576797782,172499.4069223933,"[0.5, 1.0]"
753,Mixed High,2,0.8124808994772229,-77610.99454549403,"[0.5, 1.0]"
754,Mixed High,2,0.5803718554854316,101859.70113431654,"[0.5, 1.0]"
755,Mixed High,2,0.7283602078796356,162015.37837074144,"[0.5, 1.0]"
756,Mixed High,2,0.6507825920552996,125326.73009545277,"[0.5, 1.0]"
757,Mixed High,2,0.574141969365648,106415.71852075783,"[0.5, 1.0]"
758,Mixed High,2,0.8643247392779898,-151725.7201987586,"[0.5, 1.0]"
759,Mixed High,2,0.9493125406261251,-69481.05403406225,"[0.5, 1.0]"
760,Mixed High,2,0.632821742282118,130942.74633141539,"[0.5, 1.0]"
761,Mixed High,2,0.6746199509258616,52821.74969202599,"[0.5, 1.0]"
762,Mixed High,2,0.9892729221955047,-265690.72845091065,"[0.5, 1.0]"
763,Mixed High,2,0.9291196228010312,-136545.87351970735,"[0.5, 1.0]"
764,Mixed High,2,0.706009249737229,151133.32648940236,"[0.5, 1.0]"
765,Mixed High,2,0.8446356532828135,-137831.60767693905,"[0.5, 1.0]"
766,Mixed High,2,0.7541281614589792,49388.87365660073,"[0.5, 1.0]"
767,Mixed High,2,0.9708754923845261,-279550.7225445813,"[0.5, 1.0]"
768,Risk Averse,0,0.8935990534579605,-22495.95634951304,"[0.7, 1.0]"
769,Risk Averse,0,0.9763494402606019,-40684.185007761844,"[0.7, 1.0]"
770,Risk Averse,0,0.8281466994001909,59941.49457737949,"[0.7, 1.0]"
771,Risk Averse,0,0.8437572732016199,-69644.88302701592,"[0.7, 1.0]"
772,Risk Averse,0,0.9219137762609596,-130946.32299591713,"[0.7, 1.0]"
773,Risk Averse,0,0.7312568881799398,36158.0836552102,"[0.7, 1.0]"
774,Risk Averse,0,0.9380232774614081,-130054.41649700333,"[0.7, 1.0]"
775,Risk Averse,0,0.7632538181901838,215574.54144453412,"[0.7, 1.0]"
776,Risk Averse,0,0.9044591948350142,-187764.8401175682,"[0.7, 1.0]"
777,Risk Averse,0,0.7772804048689639,47114.727854482946,"[0.7, 1.0]"
778,Risk Averse,0,0.8566315955233272,-126238.42991915172,"[0.7, 1.0]"
779,Risk Averse,0,0.7644576368831569,10976.549109195286,"[0.7, 1.0]"
780,Risk Averse,0,0.8298425344916167,-34715.67467084585,"[0.7, 1.0]"
781,Risk Averse,0,0.7634719948559446,155084.35690125774,"[0.7, 1.0]"
782,Risk Averse,0,0.8857907625960524,-283898.8427075777,"[0.7, 1.0]"
783,Risk Averse,0,0.7190101631701548,253446.5142078114,"[0.7, 1.0]"
784,Risk Averse,0,0.8473836005391375,56879.06291476734,"[0.7, 1.0]"
785,Risk Averse,0,0.8730473982872714,61709.22306807203,"[0.7, 1.0]"
786,Risk Averse,0,0.8251365433780694,410.5898103593684,"[0.7, 1.0]"
787,Risk Averse,0,0.7825009478161926,-17758.114088178474,"[0.7, 1.0]"
788,Risk Averse,0,0.966218398707904,-186190.11924651975,"[0.7, 1.0]"
789,Risk Averse,0,0.737350636927403,198428.76210561607,"[0.7, 1.0]"
790,Risk Averse,0,0.9226277860915637,-90147.45343872524,"[0.7, 1.0]"
791,Risk Averse,0,0.9745846412750514,-266339.9407065503,"[0.7, 1.0]"
792,Risk Averse,0,0.8549313748022276,85822.65957439232,"[0.7, 1.0]"
793,Risk Averse,0,0.8259899596195595,81269.19338141003,"[0.7, 1.0]"
794,Risk Averse,0,0.9657920453261459,15079.939477065325,"[0.7, 1.0]"
795,Risk Averse,0,0.8461341002317834,118499.15870587097,"[0.7, 1.0]"
796,Risk Averse,0,0.8876908598337376,176292.72031353266,"[0.7, 1.0]"
797,Risk Averse,0,0.7873872441129852,322956.103768264,"[0.7, 1.0]"
798,Risk Averse,0,0.9021074825725679,138390.2665769541,"[0.7, 1.0]"
799,Risk Averse,0,0.8394156328067097,90182.18545213032,"[0.7, 1.0]"
800,Risk Averse,0,0.7334862317532659,57225.87557395562,"[0.7, 1.0]"
801,Risk Averse,0,0.9677243829732646,-207580.7814985084,"[0.7, 1.0]"
802,Risk Averse,0,0.9238012235645303,-185306.27523430815,"[0.7, 1.0]"
803,Risk Averse,0,0.7020110019135254,145129.73142450867,"[0.7, 1.0]"
804,Risk Averse,0,0.7924850349551984,104927.59051359467,"[0.7, 1.0]"
805,Risk Averse,0,0.9701651090034727,116277.60765855639,"[0.7, 1.0]"
806,Risk Averse,0,0.8914113081469975,-192557.46888690145,"[0.7, 1.0]"
807,Risk Averse,0,0.9652267913231596,-99623.66349844546,"[0.7, 1.0]"
808,Risk Averse,0,0.8662486241491136,-195237.21204650096,"[0.7, 1.0]"
809,Risk Averse,0,0.9061060870410462,59416.452204927955,"[0.7, 1.0]"
810,Risk Averse,0,0.8512097132546363,55717.100093887464,"[0.7, 1.0]"
811,Risk Averse,0,0.8458481836931431,-84111.74262632283,"[0.7, 1.0]"
812,Risk Averse,0,0.90939355648804,-246721.63537756327,"[0.7, 1.0]"
813,Risk Averse,0,0.9604898734627894,97668.93264577739,"[0.7, 1.0]"
814,Risk Averse,0,0.8495594235557724,98173.33799752814,"[0.7, 1.0]"
815,Risk Averse,0,0.8641724079189207,-211087.91301883588,"[0.7, 1.0]"
816,Risk Averse,0,0.7590490734360649,254199.7293312561,"[0.7, 1.0]"
817,Risk Averse,0,0.9592008125233766,84846.16846188658,"[0.7, 1.0]"
818,Risk Averse,0,0.8910454819607992,30504.152951157972,"[0.7, 1.0]"
819,Risk Averse,0,0.8726314292186057,41148.36934482449,"[0.7, 1.0]"
820,Risk Averse,0,0.9846487745712422,-209738.06420919503,"[0.7, 1.0]"
821,Risk Averse,0,0.8482995627012679,23939.78661369282,"[0.7, 1.0]"
822,Risk Averse,0,0.8077989586278174,-171077.61951720656,"[0.7, 1.0]"
823,Risk Averse,0,0.7159008106269084,144194.749643568,"[0.7, 1.0]"
824,Risk Averse,0,0.9585592474845782,115736.79991147685,"[0.7, 1.0]"
825,Risk Averse,0,0.9114029356487635,34649.519008912466,"[0.7, 1.0]"
826,Risk Averse,0,0.9554967068686977,-76306.22901558339,"[0.7, 1.0]"
827,Risk Averse,0,0.8186617565003391,17340.253318872437,"[0.7, 1.0]"
828,Risk Averse,0,0.761021879836544,95296.03025285734,"[0.7, 1.0]"
829,Risk Averse,0,0.7588342297475374,39696.55186300176,"[0.7, 1.0]"
830,Risk Averse,0,0.8249655648393545,-69827.97641329234,"[0.7, 1.0]"
831,Risk Averse,0,0.9267356839823568,-204249.11159755086,"[0.7, 1.0]"
832,Risk Averse,1,0.878674123620405,19918.06222041624,"[0.7, 1.0]"
833,Risk Averse,1,0.7531821600967255,97861.83816591676,"[0.7, 1.0]"
834,Risk Averse,1,0.835563734517414,25354.620846504782,"[0.7, 1.0]"
835,Risk Averse,1,0.7350269516141736,118359.38889969591,"[0.7, 1.0]"
836,Risk Averse,1,0.8405860908072083,-145111.20284410162,"[0.7, 1.0]"
837,Risk Averse,1,0.8665618641584342,152992.8575347665,"[0.7, 1.0]"
838,Risk Averse,1,0.9046644861709457,67552.84277283918,"[0.7, 1.0]"
839,Risk Averse,1,0.7571993141316696,97404.50267696843,"[0.7, 1.0]"
840,Risk Averse,1,0.9544830760886129,90406.11273164439,"[0.7, 1.0]"
841,Risk Averse,1,0.8995156779835932,-245139.54818765062,"[0.7, 1.0]"
842,Risk Averse,1,0.9007123692717189,-152424.1389946317,"[0.7, 1.0]"
843,Risk Averse,1,0.8219503426365743,-23289.239793648594,"[0.7, 1.0]"
844,Risk Averse,1,0.7142982297193254,102137.52011562887,"[0.7, 1.0]"
845,Risk Averse,1,0.9427721102816533,-207225.61340096925,"[0.7, 1.0]"
846,Risk Averse,1,0.880742687721617,13948.160248234068,"[0.7, 1.0]"
847,Risk Averse,1,0.8976358313664359,93535.92916593463,"[0.7, 1.0]"
848,Risk Averse,1,0.8833945584324716,-250638.4988686026,"[0.7, 1.0]"
849,Risk Averse,1,0.9722744478750664,-116216.61255848565,"[0.7, 1.0]"
850,Risk Averse,1,0.9429784376114109,75980.3209046709,"[0.7, 1.0]"
851,Risk Averse,1,0.7882159378749723,55214.32349609282,"[0.7, 1.0]"
852,Risk Averse,1,0.8615544205587401,95035.19221996458,"[0.7, 1.0]"
853,Risk Averse,1,0.9291449701221173,-185096.5450933944,"[0.7, 1.0]"
854,Risk Averse,1,0.7985529075223023,51390.87952734172,"[0.7, 1.0]"
855,Risk Averse,1,0.7567923366673449,19499.828288911092,"[0.7, 1.0]"
856,Risk Averse,1,0.8028053407721357,-11527.528286256786,"[0.7, 1.0]"
857,Risk Averse,1,0.7301790270778042,323743.53956804774,"[0.7, 1.0]"
858,Risk Averse,1,0.8073459555601651,-19785.81824179519,"[0.7, 1.0]"
859,Risk Averse,1,0.8850961090842195,-61094.34087655625,"[0.7, 1.0]"
860,Risk Averse,1,0.7380729898305413,174788.3270104121,"[0.7, 1.0]"
861,Risk Averse,1,0.9492046978895576,-124439.5238542559,"[0.7, 1.0]"
862,Risk Averse,1,0.7954362095817015,87665.38625612512,"[0.7, 1.0]"
863,Risk Averse,1,0.8044082526712699,72681.6370908457,"[0.7, 1.0]"
864,Risk Averse,1,0.9920661252750524,-196825.45665254703,"[0.7, 1.0]"
865,Risk Averse,1,0.9058411365203174,-179594.4972990374,"[0.7, 1.0]"
866,Risk Averse,1,0.9711681899571161,-15913.058353602853,"[0.7, 1.0]"
867,Risk Averse,1,0.8308416790023788,152751.62339493103,"[0.7, 1.0]"
868,Risk Averse,1,0.9732621305611773,152371.39037861052,"[0.7, 1.0]"
869,Risk Averse,1,0.846901996165049,127810.788584661,"[0.7, 1.0]"
870,Risk Averse,1,0.8371209443924115,45518.756898366686,"[0.7, 1.0]"
871,Risk Averse,1,0.8790629827530617,120859.53338961492,"[0.7, 1.0]"
872,Risk Averse,1,0.8708745150710338,9823.987409637164,"[0.7, 1.0]"
873,Risk Averse,1,0.8171227424288645,111336.64208831868,"[0.7, 1.0]"
874,Risk Averse,1,0.9835746988579319,-258838.44440992814,"[0.7, 1.0]"
875,Risk Averse,1,0.7412392403978119,90956.69983750315,"[0.7, 1.0]"
876,Risk Averse,1,0.7726279349209738,138725.4805030992,"[0.7, 1.0]"
877,Risk Averse,1,0.8778985777257314,54665.86413193032,"[0.7, 1.0]"
878,Risk Averse,1,0.8724083760569066,-271013.928708693,"[0.7, 1.0]"
879,Risk Averse,1,0.8798031005005719,42370.5128613403,"[0.7, 1.0]"
880,Risk Averse,1,0.7033774334269153,91849.38952711258,"[0.7, 1.0]"
881,Risk Averse,1,0.7735530726017935,121448.98014953312,"[0.7, 1.0]"
882,Risk Averse,1,0.8354309865810186,-170703.1214883034,"[0.7, 1.0]"
883,Risk Averse,1,0.7790937020591919,58364.91695633681,"[0.7, 1.0]"
884,Risk Averse,1,0.9037774626382482,-22254.58050832731,"[0.7, 1.0]"
885,Risk Averse,1,0.9540731681804633,-107212.0886538192,"[0.7, 1.0]"
886,Risk Averse,1,0.955764068365662,-239155.22671540943,"[0.7, 1.0]"
887,Risk Averse,1,0.8388255980444597,44059.890528128206,"[0.7, 1.0]"
888,Risk Averse,1,0.7285153123936641,107534.4048247583,"[0.7, 1.0]"
889,Risk Averse,1,0.704409586584761,48449.691042872,"[0.7, 1.0]"
890,Risk Averse,1,0.7301571885506066,-7315.167469116175,"[0.7, 1.0]"
891,Risk Averse,1,0.7838487281181757,99869.83134458814,"[0.7, 1.0]"
892,Risk Averse,1,0.8947180410205735,-241195.58744728798,"[0.7, 1.0]"
893,Risk Averse,1,0.8748854345761723,41257.185713393075,"[0.7, 1.0]"
894,Risk Averse,1,0.9987010706976034,-108174.43025486592,"[0.7, 1.0]"
895,Risk Averse,1,0.8901148821601422,-135312.6403444174,"[0.7, 1.0]"
896,Risk Averse,2,0.9904249251519015,-213932.7711802456,"[0.7, 1.0]"
897,Risk Averse,2,0.8993274638373021,-237960.6177127507,"[0.7, 1.0]"
898,Risk Averse,2,0.7642242381192815,-25955.804897515747,"[0.7, 1.0]"
899,Risk Averse,2,0.9597406812275668,-54132.558495582234,"[0.7, 1.0]"
900,Risk Averse,2,0.7685769694280115,128317.11243597529,"[0.7, 1.0]"
901,Risk Averse,2,0.716654681398909,42306.26855617996,"[0.7, 1.0]"
902,Risk Averse,2,0.7272044501351295,75657.9126645455,"[0.7, 1.0]"
903,Risk Averse,2,0.8024449643657822,163524.9463699437,"[0.7, 1.0]"
904,Risk Averse,2,0.9051084284117815,17574.429662755498,"[0.7, 1.0]"
905,Risk Averse,2,0.7816457231425619,210074.5969596911,"[0.7, 1.0]"
906,Risk Averse,2,0.7193454594629051,207744.77115806556,"[0.7, 1.0]"
907,Risk Averse,2,0.7645263919366695,87405.64219697457,"[0.7, 1.0]"
908,Risk Averse,2,0.9082880946332724,59719.430225094315,"[0.7, 1.0]"
909,Risk Averse,2,0.8982795185398544,-203961.45542244276,"[0.7, 1.0]"
910,Risk Averse,2,0.8679893235391638,34397.34110589846,"[0.7, 1.0]"
911,Risk Averse,2,0.7745034529051708,105573.69251868018,"[0.7, 1.0]"
912,Risk Averse,2,0.9714460593916936,-275075.73185454967,"[0.7, 1.0]"
913,Risk Averse,2,0.8506472097563291,-94938.47400269427,"[0.7, 1.0]"
914,Risk Averse,2,0.7509972745398761,115245.52695560973,"[0.7, 1.0]"
915,Risk Averse,2,0.8772886689006272,39470.86913092615,"[0.7, 1.0]"
916,Risk Averse,2,0.9780938921733062,-235186.58596130606,"[0.7, 1.0]"
917,Risk Averse,2,0.9386880970761873,52202.046249521525,"[0.7, 1.0]"
918,Risk Averse,2,0.7948477973505399,22610.6836932114,"[0.7, 1.0]"
919,Risk Averse,2,0.9608875999108846,-124658.936970699,"[0.7, 1.0]"
920,Risk Averse,2,0.7444537126076355,68786.71337873371,"[0.7, 1.0]"
921,Risk Averse,2,0.7183366641022193,142506.93552148424,"[0.7, 1.0]"
922,Risk Averse,2,0.8223235988609701,269434.5067137851,"[0.7, 1.0]"
923,Risk Averse,2,0.973360528635846,-121921.24583120387,"[0.7, 1.0]"
924,Risk Averse,2,0.9130899753409469,-112180.52041972929,"[0.7, 1.0]"
925,Risk Averse,2,0.7637525324009321,118158.47616210511,"[0.7, 1.0]"
926,Risk Averse,2,0.8429848220256553,-130256.35498545028,"[0.7, 1.0]"
927,Risk Averse,2,0.8177484694041357,-61660.84134049437,"[0.7, 1.0]"
928,Risk Averse,2,0.9243604257341935,-119520.16569933193,"[0.7, 1.0]"
929,Risk Averse,2,0.9107815201749759,-122340.98029754678,"[0.7, 1.0]"
930,Risk Averse,2,0.7379137645466936,206824.77054556258,"[0.7, 1.0]"
931,Risk Averse,2,0.7909886057065747,-61896.36075573921,"[0.7, 1.0]"
932,Risk Averse,2,0.8064495926772165,54526.84934466096,"[0.7, 1.0]"
933,Risk Averse,2,0.8551106319589018,-16726.195784027113,"[0.7, 1.0]"
934,Risk Averse,2,0.9420117223735665,4881.3935068360415,"[0.7, 1.0]"
935,Risk Averse,2,0.7895756809536119,50096.32899568182,"[0.7, 1.0]"
936,Risk Averse,2,0.8363382066899215,194372.17574711266,"[0.7, 1.0]"
937,Risk Averse,2,0.8493462816622827,-84637.23772584526,"[0.7, 1.0]"
938,Risk Averse,2,0.9670498517991392,-117809.11271115215,"[0.7, 1.0]"
939,Risk Averse,2,0.8482524493762265,112199.68177387508,"[0.7, 1.0]"
940,Risk Averse,2,0.9492380252075695,-54244.17346084004,"[0.7, 1.0]"
941,Risk Averse,2,0.923332318934344,-131898.9777377357,"[0.7, 1.0]"
942,Risk Averse,2,0.7838124236860466,59996.05452708365,"[0.7, 1.0]"
943,Risk Averse,2,0.9452550440458944,135428.89514342436,"[0.7, 1.0]"
944,Risk Averse,2,0.7033640714117918,42998.542967002555,"[0.7, 1.0]"
945,Risk Averse,2,0.9666510468099652,-290804.18763353303,"[0.7, 1.0]"
946,Risk Averse,2,0.7537278018032849,-246992.88920164024,"[0.7, 1.0]"
947,Risk Averse,2,0.7725778558216816,80805.92502217076,"[0.7, 1.0]"
948,Risk Averse,2,0.9254244597657286,-313456.6775029357,"[0.7, 1.0]"
949,Risk Averse,2,0.8351793716436566,166372.90655178414,"[0.7, 1.0]"
950,Risk Averse,2,0.8492313851881188,132367.11805086228,"[0.7, 1.0]"
951,Risk Averse,2,0.9432078490704758,-117152.22649823893,"[0.7, 1.0]"
952,Risk Averse,2,0.890971162124797,152819.88774188003,"[0.7, 1.0]"
953,Risk Averse,2,0.9212986596909999,-131146.78423349358,"[0.7, 1.0]"
954,Risk Averse,2,0.7251409185239824,241411.83784798416,"[0.7, 1.0]"
955,Risk Averse,2,0.7647975238128368,-108218.20700759396,"[0.7, 1.0]"
956,Risk Averse,2,0.8064126488289154,52254.66592243616,"[0.7, 1.0]"
957,Risk Averse,2,0.7512672104565925,95242.28460192624,"[0.7, 1.0]"
958,Risk Averse,2,0.725589026528099,54529.80019586142,"[0.7, 1.0]"
959,Risk Averse,2,0.9204633028122281,10825.05517899568,"[0.7, 1.0]"
960,Full Range,0,0.4808024778651333,79419.47910425003,"[0.0, 1.0]"
961,Full Range,0,0.4585181105719821,92965.90969939921,"[0.0, 1.0]"
962,Full Range,0,0.34842384654683534,28227.623426641003,"[0.0, 1.0]"
963,Full Range,0,0.7610738432513307,-82344.1245143802,"[0.0, 1.0]"
964,Full Range,0,0.17781947767714168,146290.3395134736,"[0.0, 1.0]"
965,Full Range,0,0.10079452795217803,309849.20445395657,"[0.0, 1.0]"
966,Full Range,0,0.6668201301251744,-60673.62354253162,"[0.0, 1.0]"
967,Full Range,0,0.8126303794796351,-120031.52494045993,"[0.0, 1.0]"
968,Full Range,0,0.3794568527496267,-19548.869575597855,"[0.0, 1.0]"
969,Full Range,0,0.31450361685533956,70309.10376719589,"[0.0, 1.0]"
970,Full Range,0,0.8005200500905891,-98975.55146788018,"[0.0, 1.0]"
971,Full Range,0,0.9777934604810142,-201001.47197321703,"[0.0, 1.0]"
972,Full Range,0,0.1947491644800432,147704.25138838025,"[0.0, 1.0]"
973,Full Range,0,0.44598741201680236,-43555.50416273538,"[0.0, 1.0]"
974,Full Range,0,0.4182890050219892,54527.73471777202,"[0.0, 1.0]"
975,Full Range,0,0.3441437955402612,41541.07729806933,"[0.0, 1.0]"
976,Full Range,0,0.24320550957497133,46031.10676076372,"[0.0, 1.0]"
977,Full Range,0,0.6372665270391251,-167025.0902509012,"[0.0, 1.0]"
978,Full Range,0,0.26795978842598756,158633.5353233553,"[0.0, 1.0]"
979,Full Range,0,0.9557720625904983,-234938.73409238018,"[0.0, 1.0]"
980,Full Range,0,0.9821250610627561,-247841.749395032,"[0.0, 1.0]"
981,Full Range,0,0.8693764321700344,-145067.1450532546,"[0.0, 1.0]"
982,Full Range,0,0.6833339272746747,-1132.589530757382,"[0.0, 1.0]"
983,Full Range,0,0.6049412112653455,-138137.3885356594,"[0.0, 1.0]"
984,Full Range,0,0.47283823469183595,26945.10366764979,"[0.0, 1.0]"
985,Full Range,0,0.04468837777494894,92232.70013049197,"[0.0, 1.0]"
986,Full Range,0,0.6673299350959662,223753.37950531853,"[0.0, 1.0]"
987,Full Range,0,0.4822513251731052,165464.83778424183,"[0.0, 1.0]"
988,Full Range,0,0.7144900290584972,81573.49774099624,"[0.0, 1.0]"
989,Full Range,0,0.2903128989754561,171505.14931616315,"[0.0, 1.0]"
990,Full Range,0,0.8106237925204287,9971.312817546546,"[0.0, 1.0]"
991,Full Range,0,0.03943782694889131,91680.08689849764,"[0.0, 1.0]"
992,Full Range,0,0.08128148305849858,45540.863733102546,"[0.0, 1.0]"
993,Full Range,0,0.22974679738184967,70300.12755027668,"[0.0, 1.0]"
994,Full Range,0,0.7622105796401448,-87949.89612817048,"[0.0, 1.0]"
995,Full Range,0,0.6120467589295042,38245.194183518004,"[0.0, 1.0]"
996,Full Range,0,0.8445503587506319,-224470.45912044423,"[0.0, 1.0]"
997,Full Range,0,0.13430998847440012,227081.43083998153,"[0.0, 1.0]"
998,Full Range,0,0.578739345615665,106008.12574762167,"[0.0, 1.0]"
999,Full Range,0,0.8278197337139733,-117722.21347678536,"[0.0, 1.0]"
1000,Full Range,0,0.2739483409501696,45007.63268598194,"[0.0, 1.0]"
1001,Full Range,0,0.6106525099133158,-80658.4275218057,"[0.0, 1.0]"
1002,Full Range,0,0.36236802678059543,71711.82402832633,"[0.0, 1.0]"
1003,Full Range,0,0.9660707039602575,-180103.90705757326,"[0.0, 1.0]"
1004,Full Range,0,0.37316451336295997,-29723.3690070211,"[0.0, 1.0]"
1005,Full Range,0,0.9050854330130198,-248479.4471287102,"[0.0, 1.0]"
1006,Full Range,0,0.9274459580766269,-148193.8524148805,"[0.0, 1.0]"
1007,Full Range,0,0.6677704608548274,11942.977087495688,"[0.0, 1.0]"
1008,Full Range,0,0.1347299037273928,62655.745781241676,"[0.0, 1.0]"
1009,Full Range,0,0.6155335728745194,58959.96040365752,"[0.0, 1.0]"
1010,Full Range,0,0.39457479699532594,98377.003031453,"[0.0, 1.0]"
1011,Full Range,0,0.1982914051513197,27801.310583094448,"[0.0, 1.0]"
1012,Full Range,0,0.5003806865337498,78726.82452028296,"[0.0, 1.0]"
1013,Full Range,0,0.6121660166236228,136231.44510338816,"[0.0, 1.0]"
1014,Full Range,0,0.5820155276305222,38383.068970128676,"[0.0, 1.0]"
1015,Full Range,0,0.4144210985354241,41642.58191824132,"[0.0, 1.0]"
1016,Full Range,0,0.6776180020705316,-56596.97189856254,"[0.0, 1.0]"
1017,Full Range,0,0.9524657489874127,-185500.55165904318,"[0.0, 1.0]"
1018,Full Range,0,0.3444591345409316,72946.30940870669,"[0.0, 1.0]"
1019,Full Range,0,0.15303676071357508,89055.39296206179,"[0.0, 1.0]"
1020,Full Range,0,0.7590792681531057,-255122.8901530451,"[0.0, 1.0]"
1021,Full Range,0,0.6354206931331592,-38596.90929504306,"[0.0, 1.0]"
1022,Full Range,0,0.8780319808151058,-192069.26553977624,"[0.0, 1.0]"
1023,Full Range,0,0.27201230554341405,46218.27558293122,"[0.0, 1.0]"
1024,Full Range,1,0.15551490426193904,59216.80242715907,"[0.0, 1.0]"
1025,Full Range,1,0.6150525929750239,-101097.56951747026,"[0.0, 1.0]"
1026,Full Range,1,0.33092431180013593,71119.04085571908,"[0.0, 1.0]"
1027,Full Range,1,0.503586734720204,16037.343259550325,"[0.0, 1.0]"
1028,Full Range,1,0.6745432287399572,44348.90484109166,"[0.0, 1.0]"
1029,Full Range,1,0.5168650905320246,4151.838991170531,"[0.0, 1.0]"
1030,Full Range,1,0.8363302482101722,-51426.55493133001,"[0.0, 1.0]"
1031,Full Range,1,0.37979939770548954,72902.2050897172,"[0.0, 1.0]"
1032,Full Range,1,0.28843836287664715,85383.3278495229,"[0.0, 1.0]"
1033,Full Range,1,0.5278731463920813,-45887.25087137867,"[0.0, 1.0]"
1034,Full Range,1,0.379120660824835,74147.77761757908,"[0.0, 1.0]"
1035,Full Range,1,0.1895366400350459,74634.90482576881,"[0.0, 1.0]"
1036,Full Range,1,0.03151693298978264,88784.53594068093,"[0.0, 1.0]"
1037,Full Range,1,0.5212419661962228,-49215.695332792086,"[0.0, 1.0]"
1038,Full Range,1,0.2242423002178725,51167.63203264615,"[0.0, 1.0]"
1039,Full Range,1,0.818569459898705,-103015.66202241972,"[0.0, 1.0]"
1040,Full Range,1,0.5087921751689681,50600.48633245475,"[0.0, 1.0]"
1041,Full Range,1,0.8792314035616849,-266547.34501760633,"[0.0, 1.0]"
1042,Full Range,1,0.9192244436793664,-171431.8732189337,"[0.0, 1.0]"
1043,Full Range,1,0.6225037606381256,164545.28649375317,"[0.0, 1.0]"
1044,Full Range,1,0.28593766795556685,67473.79773254112,"[0.0, 1.0]"
1045,Full Range,1,0.27009774181678403,21812.24027227352,"[0.0, 1.0]"
1046,Full Range,1,0.3702160204966065,56226.71606115822,"[0.0, 1.0]"
1047,Full Range,1,0.6875522721185018,-4819.913671722659,"[0.0, 1.0]"
1048,Full Range,1,0.34159940703688674,42185.23530016855,"[0.0, 1.0]"
1049,Full Range,1,0.3204289404010291,139210.52644482418,"[0.0, 1.0]"
1050,Full Range,1,0.987064044781924,-293987.2316456528,"[0.0, 1.0]"
1051,Full Range,1,0.4020243632886692,61724.920801873464,"[0.0, 1.0]"
1052,Full Range,1,0.12163016691784401,38676.336449891765,"[0.0, 1.0]"
1053,Full Range,1,0.9132743283058123,-165038.77662402668,"[0.0, 1.0]"
1054,Full Range,1,0.8058931665499136,2398.6092459342544,"[0.0, 1.0]"
1055,Full Range,1,0.7223544816550163,3888.3654606439522,"[0.0, 1.0]"
1056,Full Range,1,0.22378691774063053,96771.92826214086,"[0.0, 1.0]"
1057,Full Range,1,0.10736963230048224,204814.81041574088,"[0.0, 1.0]"
1058,Full Range,1,0.34719705994798467,119000.9973492077,"[0.0, 1.0]"
1059,Full Range,1,0.9922227667424628,-222762.51871089285,"[0.0, 1.0]"
1060,Full Range,1,0.35032967117055835,16671.55484441007,"[0.0, 1.0]"
1061,Full Range,1,0.17132496833802735,74874.81085872771,"[0.0, 1.0]"
1062,Full Range,1,0.6291386956449158,49041.20712033207,"[0.0, 1.0]"
1063,Full Range,1,0.9065852024701434,-238662.54280003012,"[0.0, 1.0]"
1064,Full Range,1,0.6767541382883024,-17230.10016246062,"[0.0, 1.0]"
1065,Full Range,1,0.12696529079597973,120866.04096934157,"[0.0, 1.0]"
1066,Full Range,1,0.6658644757710093,69802.12131572506,"[0.0, 1.0]"
1067,Full Range,1,0.7495660858463655,-74680.74573365937,"[0.0, 1.0]"
1068,Full Range,1,0.7102149124823206,27589.70519014434,"[0.0, 1.0]"
1069,Full Range,1,0.6940573642331052,77151.09889149485,"[0.0, 1.0]"
1070,Full Range,1,0.6349568696462774,50310.37144333356,"[0.0, 1.0]"
1071,Full Range,1,0.6351123907838696,-10859.45044066996,"[0.0, 1.0]"
1072,Full Range,1,0.6247396267115833,77702.10967180385,"[0.0, 1.0]"
1073,Full Range,1,0.37469878702211135,57554.38321241684,"[0.0, 1.0]"
1074,Full Range,1,0.9465818660678399,-235011.9615056807,"[0.0, 1.0]"
1075,Full Range,1,0.24562802266436856,84884.57565913598,"[0.0, 1.0]"
1076,Full Range,1,0.13272212782621717,55111.580158474506,"[0.0, 1.0]"
1077,Full Range,1,0.6259993088868024,109878.88514426311,"[0.0, 1.0]"
1078,Full Range,1,0.9464554891778149,-199751.75882926484,"[0.0, 1.0]"
1079,Full Range,1,0.1346126308016793,111711.25710107935,"[0.0, 1.0]"
1080,Full Range,1,0.747793634529696,-175943.15439115636,"[0.0, 1.0]"
1081,Full Range,1,0.4330129831702789,55168.34544816056,"[0.0, 1.0]"
1082,Full Range,1,0.6549625137115673,36443.874177806094,"[0.0, 1.0]"
1083,Full Range,1,0.34481017252332946,50540.343652057796,"[0.0, 1.0]"
1084,Full Range,1,0.8823347550532002,-195086.94247796584,"[0.0, 1.0]"
1085,Full Range,1,0.7323991966437329,-44841.07523571739,"[0.0, 1.0]"
1086,Full Range,1,0.4671464716591137,65609.70235994704,"[0.0, 1.0]"
1087,Full Range,1,0.7738024860228486,-234838.41443103866,"[0.0, 1.0]"
1088,Full Range,2,0.72878162748128,-44071.78081983575,"[0.0, 1.0]"
1089,Full Range,2,0.5673708813519381,-18320.956821445074,"[0.0, 1.0]"
1090,Full Range,2,0.0507314273040973,28507.85330050839,"[0.0, 1.0]"
1091,Full Range,2,0.7583358022689941,228.22163200207797,"[0.0, 1.0]"
1092,Full Range,2,0.7672063730850003,500.52500644943143,"[0.0, 1.0]"
1093,Full Range,2,0.6491679390273595,-101508.4103709399,"[0.0, 1.0]"
1094,Full Range,2,0.20230042428517803,76713.10395854124,"[0.0, 1.0]"
1095,Full Range,2,0.9123880324065596,-169263.82882193878,"[0.0, 1.0]"
1096,Full Range,2,0.5734388579422006,-14964.74005059852,"[0.0, 1.0]"
1097,Full Range,2,0.986349392562836,-182831.0753604846,"[0.0, 1.0]"
1098,Full Range,2,0.1975522998261775,70247.136102005,"[0.0, 1.0]"
1099,Full Range,2,0.44874172173452087,83817.9817586619,"[0.0, 1.0]"
1100,Full Range,2,0.19180569849863027,115542.44818076944,"[0.0, 1.0]"
1101,Full Range,2,0.7104938566834007,56477.44518940829,"[0.0, 1.0]"
1102,Full Range,2,0.23960487849344736,25000.303355479744,"[0.0, 1.0]"
1103,Full Range,2,0.3547695371539531,43592.3517502708,"[0.0, 1.0]"
1104,Full Range,2,0.7982567035361076,36417.49651363697,"[0.0, 1.0]"
1105,Full Range,2,0.41279367572765546,30042.747456234007,"[0.0, 1.0]"
1106,Full Range,2,0.4020164283523163,27556.555000346878,"[0.0, 1.0]"
1107,Full Range,2,0.17383389091021118,57770.39275123203,"[0.0, 1.0]"
1108,Full Range,2,0.6086595074517682,49938.9781591793,"[0.0, 1.0]"
1109,Full Range,2,0.7939933500079024,-171236.80539741257,"[0.0, 1.0]"
1110,Full Range,2,0.42522567490530117,-16401.74429907644,"[0.0, 1.0]"
1111,Full Range,2,0.3213187292525359,40294.21409904066,"[0.0, 1.0]"
1112,Full Range,2,0.956614226821343,-224012.94498323902,"[0.0, 1.0]"
1113,Full Range,2,0.6466519867902542,-12953.388851960672,"[0.0, 1.0]"
1114,Full Range,2,0.289927883583984,-25176.237286100037,"[0.0, 1.0]"
1115,Full Range,2,0.3391209312749687,41660.29547544115,"[0.0, 1.0]"
1116,Full Range,2,0.008221757776096239,54464.83513347103,"[0.0, 1.0]"
1117,Full Range,2,0.9517040431983866,-260433.08668044792,"[0.0, 1.0]"
1118,Full Range,2,0.4767930970126881,99645.53541924652,"[0.0, 1.0]"
1119,Full Range,2,0.44009593298146577,85960.54348544253,"[0.0, 1.0]"
1120,Full Range,2,0.9927946042210292,-258360.57585197332,"[0.0, 1.0]"
1121,Full Range,2,0.22432311396206417,135678.37346779605,"[0.0, 1.0]"
1122,Full Range,2,0.714161348296546,-48996.22488996795,"[0.0, 1.0]"
1123,Full Range,2,0.002695080899878799,27201.292997000484,"[0.0, 1.0]"
1124,Full Range,2,0.5641358893062044,-31556.135987042704,"[0.0, 1.0]"
1125,Full Range,2,0.20435470000926093,126559.18734726169,"[0.0, 1.0]"
1126,Full Range,2,0.48541639921945146,1334.5125124302253,"[0.0, 1.0]"
1127,Full Range,2,0.24193080773179232,90718.51940335617,"[0.0, 1.0]"
1128,Full Range,2,0.21907867891531219,10566.747512262464,"[0.0, 1.0]"
1129,Full Range,2,0.16991184948070848,99223.14841327113,"[0.0, 1.0]"
1130,Full Range,2,0.8033261221465424,-188724.23914626826,"[0.0, 1.0]"
1131,Full Range,2,0.3807588249463678,29737.358220439826,"[0.0, 1.0]"
1132,Full Range,2,0.3014413845817988,47653.22073707789,"[0.0, 1.0]"
1133,Full Range,2,0.2319761027441356,121953.64759410184,"[0.0, 1.0]"
1134,Full Range,2,0.5202144717093361,-34770.37867437996,"[0.0, 1.0]"
1135,Full Range,2,0.354369399656873,88828.11889334346,"[0.0, 1.0]"
1136,Full Range,2,0.5320415958816033,-13560.914831059144,"[0.0, 1.0]"
1137,Full Range,2,0.07613603390833135,25356.726632963055,"[0.0, 1.0]"
1138,Full Range,2,0.3613058823338565,-31426.723274094504,"[0.0, 1.0]"
1139,Full Range,2,0.5989159165702426,-132404.86337696237,"[0.0, 1.0]"
1140,Full Range,2,0.4762361487334339,-30391.79709819144,"[0.0, 1.0]"
1141,Full Range,2,0.63891880489033,6494.025104244228,"[0.0, 1.0]"
1142,Full Range,2,0.9611126273647334,-306111.15299828677,"[0.0, 1.0]"
1143,Full Range,2,0.49474846769736847,129065.9023182007,"[0.0, 1.0]"
1144,Full Range,2,0.3580695025546592,81728.92247235567,"[0.0, 1.0]"
1145,Full Range,2,0.7381696574045014,-79279.1509832573,"[0.0, 1.0]"
1146,Full Range,2,0.053801294510255726,38629.31411021293,"[0.0, 1.0]"
1147,Full Range,2,0.4845314525154758,36881.90845451348,"[0.0, 1.0]"
1148,Full Range,2,0.16651387718456256,4932.016091002713,"[0.0, 1.0]"
1149,Full Range,2,0.37306002826453977,53510.693253053956,"[0.0, 1.0]"
1150,Full Range,2,0.5395767649389148,87081.13265784322,"[0.0, 1.0]"
1151,Full Range,2,0.27485890872812146,129243.4249348771,"[0.0, 1.0]"
